 ,u,.,L,.,.,n,l,.,n,u,m,.,u,.,.,.,u,.,.,.,z,.,.
 ,ai,yai,LLai,ai,yai,nnai,llai,ai,nai,ai,ththai,ai,dai,ai,ai,nai,RRai,Sai,ai,yai,zai,vai,ai
 ,inai,yinai,LLinai,inai,yinai,nninai,llinai,inai,ninai,inai,ththinai,inai,dinai,inai,inai,Ninai,RRinai,inai,inai,yinai,zinai,vinai,inai
 ,inaththai,yinaththai,LLinaththai,inaththai,yinaththai,nninaththai,llinaththai,inaththai,yinaththai,inaththai,yinaththai,inathththai,dinathththai,inaththai,inaththai,Ninaththai,RRinathththai,inaththai,inaththai,yinaththai,zinaththai,vinaththai,inaththai
 ,Odu,yOdu,LLOdu,Odu,yOdu,nnOdu,llOdu,Odu,nOdu,Odu,ththOdu,Odu,dOdu,Odu,Odu,nOdu,RROdu,SOdu,Odu,yOdu,lOdu,vOdu,Odu
 ,inOdu,yinOdu,LLinOdu,inOdu,yinOdu,nninOdu,llinOdu,inOdu,ninOdu,inOdu,ththinOdu,inOdu,dinOdu,inOdu,inOdu,NinOdu,RRinOdu,SinOdu,iNOdu,yinOdu,zinOdu,vinOdu,inOdu
 ,inaththOdu,yinaththOdu,LLinaththOdu,inaththOdu,yinaththOdu,nninaththOdu,llinaththOdu,inaththOdu,yinaththOdu ,inaththOdu,ththinaththOdu,inaththOdu,dinaththOdu,inaththOdu,inaththOdu,NinaththOdu,RRinaththOdu,SinaththOdu,inaththOdu,yinaththOdu,zinaththOdu,vinaththOdu,inaththOdu
 ,inAl,yinAl,LLinAl,inAl,yinAl,nninAl,llinAl,inAl,ninAl,inAl,ththinAl,inAl,dinAl,inAl,inAl,NinAl,RRinAl,SinAl,iNAl,yinAl,zinAl,vinAl,inAl
 ,Al,yAl,LLAl,Al,yAl,nnAl,llAl,Al,nAl,Al,ththAl,Al,dAl,Al,Al,NAl,RRAl,SAl,Al,yAl,zAl,vAl,Al
 ,ukku,kku,LLukku,kku,yikku,nnukku,llukku,ukku,nukku,ukku,ththukku,ukku,dukku,ukku,ukku,Nukku,ththukku,Sukku,ukku,yikku,zukku,vukku,ukku
 ,iRku,yiRku,LLiRku,iRku,yiRku,nniRku,lliRku,iRku,Rku,iRku,ththiRku,iRku,diRku,iRku,iRku,NiRku,RRiRku,SiRku,iRku,yiRku,ziRku,viRku,iRku
 ,in,yin,LLin,in,yin,nnin,llin,in,nin,in,ththin,in,din,in,in,Nin,RRin,Sin,in,yin,zin,vin,in
 ,athu,yathu,LLathu,athu,yathu,nnathu,llathu,athu,nathu,athu,ththathu,athu,dathu,athu,athu,Nathu,RRathu,Sathu,athu,yathu,zathu,vathu,athu
 ,inathu,yinathu,LLinathu,inathu,yinathu,nninathu,llinathu,inathu,ninathu,inathu,ththinathathu,inathu,dinathu,inathu,inathu,Ninathu,RRinathu,Sinathu,inathu,yinathu,zinathu,vinathu,inathu
 ,inkaN,yinkaN,LLinkaN,inkaN,yinkaN,nninkaN,llinkaN,inkaN,ninkaN,inkaN,ththinkaN,inkaN,dinkaN,inkaN,inkaN,NinkaN,RRinkaN,SinkaN,inkaN,yinkaN,zinkaN,vinkaN,inkaN
 ,athukaN,yathukaN,LLathukaN,athukaN,yathukaN,nnathukaN,llathukaN,athukaN,nathukaN,athukaN,thththukaN,athukaN,dathukaN,athukaN,athukaN,NathukaN,RathukaN,SathukaN,athukaN,yathukaN,zathukaN,vathukaN,athukaN
 ,ukkAka,kkAka,LLukkAka,kkAka,yikkAka,nnukkAka,llukkAka,ukkAka,nukkAka,ukkAka,ththukkAka,ukkAka,dukkAka ,ukkAka,ukkAka,NukkAka,RRukkAka,SukkAka,ukkAka,yikkAka,zukkAka,vukkAka,ukkAka
 ,AlAna,yAlAna,LLAlAna,AlAna,yAlAna,nnAlAna,llAlAna,AlAna,nAlAna,AlAna,ththAlAna,AlAna,dAlAna,AlAna,AlAna,NAlAna,RRAlAna,SAlAna,AlAna,yAlAna,zAlAna,vAlAna,AlAna
 ,udaiya,yudaiya,LLudaiya,udaiya,yudaiya,nnudaiya,lludaiya,udaiya,nudaiya,udaiya,ththudaiya,udaiya,dudaiya,udaiya,udaiya,Nudaiya,ththudaiya,yudaiya,udaiya,yudaiya,zudaiya,vudaiya,udaiya
 ,inudaiya,yinudaiya,LLinudaiya,inudaiya,yinudaiya,nninudaiya,llinudaiya,inudaiya,ninudaiya,inudaiya,ththinudaiya,inudaiya,dinudaiya,inudaiya,inudaiya,Ninudaiya,RRinudaya,Sinudaiya,inudaiya,yinudaiya,zinudaiya,vinudaiya,inudaiya
 ,il,yil,LLil,il,yil,nnil,llil,il,ril,il,ththil,il,dil,il,il,Nil,RRil,Sil,il,yil,zil,vil,il
 ,inil,yinil,LLinil,inil,yinil,nninil,llinil,inil,nil,inil,ththinil,inil,dinil,inil,inil,Ninil,RRinil,Sinil,inil,yinil,zinil,vinil,inil
 ,udan,yudan,LLudan,udan,yudan,nnudan,lludan,udan,nudan,udan,ththudan,udan,dudan,udan,udan,Nudan,RRudan,Sudan,udan,yudan,zudan,vudan,udan
 ,inudan,yinudan,LLinudan,inudan,yinudan,nninudan,llinudan,inudan,ninudan,inudan,ththinudan,inudan,dinudan,inudan,inudan,Ninudan,RRinudan,Sinudan,inudan,yinudan,zinudan,vinudan,inudan
 ,uvaraikkum,varaikkum,Lvaraikkum,varaikkum,varaikkum,nvaraikkum,lvaraikkum,varaikkum,nvaraikkum,uvaraikkum,mvaraikkum,varaikkum,uvaraikkum,varaikkum,varaikkum,varaikkum,Ruvaraikkum,varaikkum,varaikkum,varaikkum,zvaraikkum,varaikkum,varaikkum
 ,uvaraiyil,varaiyil,Lvaraiyil,varaiyil,varaiyil,nvaraiyil,lvaraiyil,varaiyil,nvaraiyil,uvaraiyil,mvaraiyil,varaiyil,uvaraiyil,varaiyil,varaiyil,varaiyil,Ruvaraiyil,varaiyil,varaiyil,varaiyil,lvaraiyil,varaiyil,varaiyil
 ,invarai,yinvarai,LLinvarai,invarai,yinvarai,nninvarai,llinvarai,invarai,ninvarai,invarai,ththinvarai,invarai,dinvarai,invarai,invarai,Ninvarai,RRinvarai,Sinvarai,invarai,yinvarai,zinvarai,vinvarai,invarai
 ,illAmal,yillAmal,LLillAmal,illAmal,yillAmal,nnillAmal,llillAmal,illAmal,nillAmal              ,illAmal,millAmal,illAmal,illAmal,illAmal,illAmal,NillAmal,RillAmal,SillAmal,illAmal,yillAmal,zillAmal,villAmal,illAmal
 ,OdillAmal,yOdillAmal,LLOdillAmal,OdillAmal,yOdillAmal,nnOdillAmal,llOdillAmal,OdillAmal,nOdinillAmal,OdillAmal,ththOdillAmal,OdillAmal,dOdillAmal,OdillAmal,OdillAmal,nOdillAmal,RROdillAmal,SOdillAmal,OdillAmal,yOdillAmal,zOdillAmal,vOdillAmal,OdillAmal
 ,ukkillAmal,kkillAmal,LLukkillAmal,ikkillAmal,kkillAmal,nnukkillAmal,llukkillAmal,ukkillAmal,nukkillAmal,ukkillAmal,ththukkillAmal,ukkillAmal,dukkillAmal,ukkillAmal,ukkillAmal,NukkillAmal,ththukkillAmal,ukkillAmal,ukkillAmal,yikkillAmal,zukkillAmal,vukkillAmal,ukkillAmal
 ,udanillAmal,yudanillAmal,LLudanillAmal,udanillAmal,yudanillAmal,nnudanillAmal,lludanillAmal,udanillAmal,nudanillAmal,udanillAmal,ththudanillAmal,udanillAmal,dudanillAmal,udanillAmal,udanillAmal,NudanillAmal,RRudanillAmal,SudanillAmal,udanillAmal,yudanillAmal,zudanillAmal,vudanillAmal,udanillAmal
 ,Addam,yAddam,LLAddam,Addam,yAddam,nnAddam,llAddam,Addam,nAddam,Addam,mAddam,Addam,Addam,Addam,Addam,NAddam,RAddam,SAddam,Addam,yAddam,zAddam,vAddam,Addam
 ,ukkAddam,kkAddam,LLukkAddam,kkAddam,kkAddam,nnukkAddam,llukkAddam,ukkAddam,nukkAddam,ukkAddam,ththukkAddam,ukkAddam,ukkAddam,ukkAddam,ukkAddam,NukkAddam,ththukkAddam,ukkAddam,ukkAddam,yikkAddam,zukkAddam,vukkAddam,ukkAddam
 ,umuthal,muthal,Lmuthal,muthal,muthal,nmuthal,lmuthal,muthal,nmuthal,umuthal,muthal,muthal,umuthal,muthal,muthal,muthal,Rumuthal,muthal,muthal,muthal,zmuthal,muthal,muthal
 ,uvaziyAka,vaziyAka,LvaziyAka,vaziyAka,vaziyAka,nvaziyAka,lvaziyAka,vaziyAka,nvaziyAka,uvaziyAka,mvaziyAka,vaziyAka,duvaziyAka,vaziyAka,vaziyAka,vaziyAka,RuvaziyAka,vaziyAka,vaziyAka,vaziyAka,zvaziyAka,vaziyAka,vaziyAka
 ,invaziyAka,yinvaziyAka,LLinvaziyAka,invaziyAka,yinvaziyAka,nninvaziyAka,llinvaziyAka,invaziyAka,ninvaziyAka,invaziyAka,ththinvaziyAka,invaziyAka,dinvaziyAka,invaziyAka,invaziyAka,NinvaziyAka,RRinvaziyAka,SinvaziyAka,invaziyAka,yinvaziyAka,zinvaziyAka,vinvaziyAka,invaziyAka
 ,inathuvaziyAka,yinathuvaziyAka,LLinathuvaziyAka,inathuvaziyAka,yinathuvaziyAka,nninathuvaziyAka,llinathuvaziyAka,inathuvaziyAka,ninathuvaziyAka,inathuvaziyAka,ththinathuvaziyAka,inathuvaziyAka,dinathuvaziyAka,inathuvaziyAka,inathuvaziyAka,NinathuvaziyAka,RRinathuvaziyAka,SinathuvaziyAka,inathuvaziyAka,yinathuvaziyAka,zinathuvaziyAka,vinathuvaziyAka,inathuvaziyAka
 ,idam,yidam,LLidam,idam,yidam,nnidam,llidam,idam,nidam,idam,ththidam,idam,didam,idam,idam,Nidam,RRidam,Sidam,idam,yidam,zidam,vidam,idam
 ,inmUlam,yinmum,LLinmUlam,inmUlam,yinmUlam,nninmUlam,llinmUlam,inmUlam,nmUlam,inmUlam,ththinmUlam,inmUlam,dinmUlam,inmUlam,inmUlam,NinmUlam,RRinmUlam,SinmUlam,inmUlam,yinmUlam,zinmUlam,vinmUlam,inmUlam
 ,inathanmUlam,yinathumUlam,LLinathumUlam,inathumUlam,yinathumUlam,nninathumUlam,llinathumUlam,inathumUlam,ninathumUlam,inathumUlam,ththinathumUlam,inathumUlam,dinathumUlam,inathumUlam,inathumUlam,NinathumUlam,RRathanmUlam,SinathumUlam,inathumUlam,yinathumUlam,zinathumUlam,vinathumUlam,inathumUlam
 ,athanmUlam,yathanmUlam,LLathanmUlam,athanmUlam,yathanmUlam,nnathanmUlam,llathanmUlam,athanmUlam,nathanmUlam,athanmUlam,ththathanmUlam,athanmUlam,dathanmUlam,athanmUlam,athanmUlam,NathanmUlam,ththuppakkam,SathanmUlam,athanmUlam,yathanmUlam,zathanmUlam,vathanmUlam,athanmUlam
 ,upakkam,pakkam,LLupakkam,pakkam,pakkam,npakkam,lpakkam,pakkam,npakkam,uppakkam,ththuppakkam,pakkam,duppakkam,pakkam,pakkam,pakkam,RRinpakkam,pakkam,pakkam,pakkam,zpakkam,pakkam,pakkam
 ,inpakkam,yinpakkam,LLinpakkam,inpakkam,yinpakkam,nninpakkam,llinpakkam,inpakkam,ninpakkam,inpakkam,ththinpakkam,inpakkam,dinpakkam,inpakkam,inpakkam,Ninpakkam,RRathinpakkam,Sinpakkam,inpakkam,yinpakkam,zinpakkam,vinpakkam,inpakkam
 ,athinpakkam,yathinpakkam,LLathinpakkam,athinpakkam,yathinpakkam,nnathinpakkam,llathinpakkam,athinpakkam,nathinpakkam,inathinpakkam,ththathinpakkam,athinpakkam,dathinpakkam,athinpakkam,athinpakkam,Nathinpakkam,Roziya,Sathinpakkam,athinpakkam,yathinpakkam,zathinpakkam,vathinpakkam,athinpakkam
 ,aNdai,yaNdai,LLaNdai,aNdai,yaNdai,nnaNdai,llaNdai,aNdai,naNdai,ANdai,ththANdai,ANdai,dANdai,aNdai,aNdai,NaNdai,ththANdai,SaNdai,aNdai,yaNdai,zaNdai,vaNdai,aNdai
 ,inaNdai,yinaNdai,LLinaNdai,inaNdai,yinaNdai,nninaNdai,llinaNdai,inaNdai,ninaNdai,inaNdai,ththinaNdai,inaNdai,dinaNdai,inaNdai,inaNdai,NinaNdai,RRinaNdai,SinaNdai,inaNdai,yinaNdai,zinaNdai,vinaNdai,inaNdai
 ,ukkaNdai,kkaNdai,LLukkaNdai,ikkaNdai,yikkaNdai,nnukkaNdai,llukkaNdai,ukkaNdai,nukkaNdai,ukkaNdai,ththukkaNdai,ukkaNdai,dukkaNdai,ukkaNdai,ukkaNdai,NukkaNdai,ththukkaNdai,SukkaNdai,ukkaNdai,yikkaNdai,zukkaNdai,vukkaNdai,ukkaNdai
 ,inarukE,yinarukE,LLinarukE,inarukE,yinarukE,nninarukE,llinarukE,inarukE,ninarukE,inarukE,ththinarukE,inarukE,dukkarukE,inarukE,inarukE,NinarukE,RRinarukE,SinarukE,inarukE,yinarukE,zinarukE,vinarukE,inarukE
 ,ukkarukE,kkarukE,LLukkarukE,ikkarukE,yikkarukE,nnukkarukE,llukkarukE,ukkarukE,nukkarukE,ukkarukE,ththukkarukE,ukkarukE ,dukkarukE,ukkarukE,ukkarukE,NukkarukE,RRukkarukE,SukkarukE,ukkarukE,yikkarukE,zukkarukE,vukkarukE,ukkarukE
 ,athanarukE,yathanarukE,LLathanarukE,athanarukE,yathanarukE,nnathanarukE,llathanarukE,athanarukE,natharukE,athanarukE,thththanarukE,athanarukE,dathanarukE,athanarukE,athanarukE,NathanarukE,RRathannarukE,SathanarukE,athanarukE,yathanarukE,zathanarukE,vathanarukE,athanarukE
 ,arukil,yarukil,LLarukil,arukil,yarukil,nnarukil,llarukil,arukil,narukil,arukil,ththarukil,arukil,darukil,arukil,arukil,Narukil,RRarukil,Sarukil,arukil,yarukil,zarukil,varukil,arukil
 ,inarukil,yinarukil,LLinarukil,inarukil,yinarukil,nninarukil,llinarukil,inarukil,ninarukil,inarukil,ththinarukil,inarukil,dinarukil,inarukil,inarukil,Ninarukil,RRinarukil,Sinarukil,inarukil,yinarukil,zinarukil,vinarukil,inarukil
 ,athanarukil,yathanarukil,LLathanarukil,athanarukil,yathanarukil,nnathanarukil,llathanarukil,athanarukil,natharukil,athanarukil,ththathanarukil,athnarukil,dathanarukil,athanarukil,athanarukil,Nathanarukil,RRathanarukil,Sathanarukil,athanarukil,yathanarukil,zathanarukil,vathanarukil,athanarukil
 ,ukkarukil,kkarukil,LLukkarukil,ikkarukil,kkarukil,nnukkarukil,llukkarukil,ukkarukil,nukkarukil,ukkarukil,ththukkarukil,ukkarukil,dukkarukil,ukkarukil,ukkarukil,Nukkarukil,RRukkarukil,Sukkarukil,ukkuarukil,yikkuarukil,zukkarukil,vukkuarukil,ukkarukil
 ,ukidda,kidda,Lkidda,kidda,kidda,nkidda,lkidda,kidda,nkidda,ukidda,ththukkidda,ukkidda,dukkidda,kidda,kidda,kidda,RRukidda,kidda,kidda,yikidda,zkidda,vikidda,kidda
 ,inkidda,yinkidda,LLinkidda,inkidda,yinkidda,nninkidda,llinkidda,inkidda,ninkidda,inkidda,ththinkidda,inkidda,dinkidda,inkidda,inkidda,Ninkidda,RRinkidda,Sinkidda,inkidda,yinkidda,zinkidda,vinkidda,inkidda
 ,umEl,mEl,LmEl,mEl,mEl,nmEl,lmEl,mEl,nmEl,umEl,ththumEl,mEl,dumEl,mEl,mEl,mEl,RRumEl,mEl,mEl,mEl,zmEl,mEl,mEl
 ,inmEl,yinmEl,LLinmEl,inmEl,yinmEl,nninmEl,llinmEl,inmEl,ninmEl,inmEl,ththinmEl,inmEl,dinmEl,inmEl,inmEl,NinmEl,RRinmEl,SinmEl,inmEl,yinmEl,zinmEl,vinmEl,inmEl
 ,ukkumEl,kkumEl,LLukkumEl,ikkumEl,yikkumEl,nukkumEl,llukkumEl,ukkumEl,nukkumEl,ukkumEl,ththukkummEl,ukkumEl,dukkumEl,ukkumEl,ukkumEl,NukkumEl,RRukkumEl,SikkumEl,ukkumEl,yikkumEl,lukkumEl,vukkumEl,ukkumEl
 ,inathumEl,yinathumEl,LLinathumEl,inathumEl,yinathumEl,nninathumEl,llinathumEl,inathumEl,ninathumEl,inathumEl,ththinathumEl,inathumEl,dinathumEl,inathumEl,inathumEl,NinathumEl,RRinathumEl,SinathumEl,inathumEl,yinathumEl,zinathumEl,vinathumEl,inathumEl
 ,umElE,mElE,LmElE,mElE,mElE,nmElE,lmElE,mElE,nmElE,umElE,ththumElE,mElE,dumElE,mElE,mElE,mElE,RRumElE,mElE,mElE,mElE,lmElE,mElE,mElE
 ,inmElE,yinmElE,LLinmElE,inmElE,yinmElE,nninmElE,llinmElE,inmElE,nmElE,inmElE,ththinmElE,inmElE,dinmElE,inmElE,inmElE,NinmElE,RRinmElE,SinmElE,inmElE,yinmElE,zinmElE,vinmElE,inmElE
 ,ukkumElE,kkumElE,LLukkumElE,ikkumElE,kkumElE,nnukku mElE,llukkumElE,ukkumElE,nukkumElE,ukkumElE,ththukkumElE,ukkumElE,dukkumElE,ukkumElE,ukkumElE,NukkumElE,RRukkumElE,ukkumElE,ukkumElE,yikkumElE,zukkumElE,vukkumElE,ukkumElE
 ,athumElE,yathumElE,LLathumElE,athumElE,yathumElE,nnathumElE,llathumElE,athumElE,nathumElE,athumElE,ththathumElE,athumElE,dthumElE,athumElE,athumElE,NathumElE,RRathumElE,SathumElE,athumElE,yathumElE,zathumElE,vathumElE,athumElE
 ,inathumElE,yinathumElE,LLinathumElE,inathumElE,yinathumElE,nninathumElE,llinathumElE,inathumElE,ninathumElE,inathumElE,ththinathumElE,inathumElE,dinathumElE,inathumElE,inathumElE,NinathumElE,RRinathumElE,SinathumElE,inathumElE,yinathumElE,zinathumElE,vinathumElE,inathumElE
 ,inkIz,yinkIz,LLinkIz,inkIz,yinkIz,nninkIz,llinkIz,inkIz,ninkIz,inkIz,vaNdinkIz (doubt),inkIz,dinkIz,inkIz,inkIz,NinkIz,RRinkIz,SinkIz,inkIz,yinkIz,zinkIz,vinkIz,inkIz
 ,ukkungkIz,kkungkIz,LLukkungkIz,ikkungkIz,kkungkIz,nnukkungkIz,llukkungkIz,ukkungkIz,nukkungkIz,ukkungkIz,ththukkumkIz,ukkumkIz,dukkumkIz,ukkungkIz,ukkungkIz,NukkungkIz,RRukkumkIz,ukkungkIz,ukkungkIz,yikkungkIz,zukkungkIz,vukkungkIz,ukkungkIz
 ,athinkIz,yathinkIz,LLathinkIz,athinkIz,yathinkIz,nnathinkIz,llathinkIz,athinkIz,nathinkIz,athinkIz,ththathinkIz,athinkIz,dathinkIz,athinkIz,athinkIz,NathinkIz,RRathinkIz,SathinkIz,athinkIz,yathinkIz,zathinkIz,vathinkIz,athinkIz
 ,inkIzE,yinkIzE,LLinkIzE,inkIzE,yinkIzE,nninkIzE,llinkIzE,inkIzE,ninkIzE,inkIzE,ththinkIzE,inkIzE,dinkIzE,inkIzE,inkIzE,NinkIzE,RRinkIzE,SinkIzE,inkIzE,yinkIzE,zinkIzE,vinkIzE,inkIzE
 ,ukkungkIzE,kkungkIzE,LLukkungkIzE,ikkungkIzE,kkungkIzE,nnukkungkIzE,llukkungkIzE,ukkungkIzE,nukkungkIz,ukkungkIzE,ththukkungkIzE,ukkungkIz,dukkungkIz,ukkungkIzE,ukkungkIzE,NukkungkIzE,RRukkukungkIz,ukkungkIzE,ukkungkIzE,yikkungkIzE,zukkungkIzE,vukkungkIzE,ukkungkIzE
 ,athinkIzE,yathinkIzE,LLathinkIzE,athinkIzE,yathinkIzE,nnathinkIzE,llathinkIzE,athinkIzE,nathinkIzE,athinkIzE,ththathinkIzE,athinkIzE,dathinkIzE,athinkIzE,athinkIzE,NathinkIzE,RRathinkIzE,SathinkIzE,athinkIzE,yathinkIzE,zathinkIzE,vathinkIzE,athinkIzE
 ,aippaRRi,yaipaRRi,LLaippaRRi,aippaRRi,yaippaRRi,nnaippaRRi,llaippaRRi,aippaRRi,naippaRRi,aippaRRi,ththaippaRRi,aippaRRi,daippaRRi,aippaRRi,aippaRRi,naippaRRi,RRaipaRRi,aippaRRi,aippaRRi,yaippaRRi,zaippaRRi,vaippaRRi,aippaRRi
 ,inaippaRRi,yinaippaRRi,LLinaippaRRi,inaippaRRi,yinaippaRRi,nninaippaRRi,llinaippaRRi,inaippaRRi,naippaRRi,inaippaRRi,ththinaippaRRi,inaippaRRi,dinaippaRRi,inaippaRRi,inaippaRRi,NinaippaRRi,RRinaippaRRi,SinaippaRRi,inaippaRRi,yinaippaRRi,zinaippaRRi,vinaippaRRi,inaippaRRi
 ,inaththaippaRRi,yinaththaippaRRi,LLinaththaippaRRi,inaththaippaRRi,yinaththaippaRRi,nninaththaippaRRi,llinaththaippaRRi,inaththaippaRRi,yinaththaippaRRi,inaththaippaRRi,ththinaththaippaRRi,inaththaipaRRi,dinaththaippaRRi,inaththaippaRRi,inaththaippaRRi,NinaththaippaRRi,RRinaththaippaRRi,SinaththaippaRRi,inaththaippaRRi,yinaththaippaRRi,zinaththaippaRRi,vinaththaippaRRi,inaththaippaRRi
 ,aikkuRiththu,yaikuRiththu,LLaikkuRiththu,aikkuRiththu,yaikkuRiththu,nnaikkuRiththu,llaikkuRiththu,aikuRiththu,naikkuRiththu,aikkuRiththu,ththaikkuRiththu,aikkuRiththu,daikkuRiththu,aikkuRiththu,aikkuRiththu,naikkuRiththu,RRaikkuRiththu,SaikkuRiththu,aikuRiththu,yaikuRiththu,zaikuRiththu,vaikkuRiththu,aikuRiththu
 ,inaikkuRiththu,yinaikkuRiththu,LLinaikkuRiththu,inaikkuRiththu,yinaikkuRiththu,nninaikkuRiththu,llinaikkuRiththu,inaikkuRiththu,naikkuRiththu,inaikkuRiththu,ththinaikkuRiththu,inaikkuRiththu,dinaikkuRiththu,inaikkuRiththu,inaikkuRiththu,NinaikkuRiththu,RRinaikkuRiththu,SinaikkuRiththu,inaikkuRiththu,yinaikkuRiththu,zinaikkuRiththu,vinaikkuRiththu,inaikkuRiththu
 ,inaththaikkuRiththu,yinaththaikkuRiththu,LLinaththaikkuRiththu,inaththaikkuRiththu,yinaththaikkuRiththu,nninaththaikkuRiththu,llinaththaikkuRiththu,inaththaikkuRiththu,yinaththaikkuRiththu,inaththaikkuRiththu,ththinaththaikkuRiththu,inaththaikkuRiththu,dinaththaikkuRiththu,inaththaikkuRiththu,inaththaikkuRiththu,NinaththaikkuRiththu,RRinaththaikkuRiththu,SinaththaikkuRiththu,inaththaikkuRiththu,yinaththaikkuRiththu,zinaththaikkuRiththu,vinaththaikkuRiththu,inaththaikkuRiththu
 ,aippArththu,yaippArththu,LLaippArththu,aippArththu,yaippArththu,nnaippArththu,llaippArththu,aippArththu,naippArththu,aippArththu,ththaippArththu,aippArththu,daippArththu,aippArththu,aippArththu,naippArththu,RRaipArththu,aippArththu,aippArththu,yaippArththu,zaippArththu,vaippArththu,aippArththu
 ,inaippArththu,yinaippArththu,LLinaippArththu,inaippArththu,yinaippArththu,nninaippArththu,llinaippArththu,inaippArththu,ninaippArththu,inaippArththu,ththinaippArththu,inaippArththu,dinaippArththu,inaippArththu,inaippArththu,NinaippArththu,RRinaippArththu,SinaippArththu,inaippArththu,yinaippArththu,zinaippArththu,vinaippArththu,inaippArththu
 ,inaththaippArththu,yinaththaippArththu,LLinaththaippArththu,inaththaippArththu,yinaththaippArththu,nninaththaippArththu,llinaththaippArththu,inaththaippArththu,yinaththaippArththu,inaththaippArththu,ththinaththaippArththu,inaththaippArththu,dinaththaippArththu,inaththaippArththu,inaththaippArththu,NinaththaippArththu,RRinaththaippArththu,SinaththaippArththu,inaththaippArththu,yinaththaippArththu,zinaththaippArththu,vinaththaippArththu,inaththaippArththu
 ,aiwOkki,yaiwOkki,LLaiwOkki,aiwOkki,yaiwOkki,nnaiwOkki,llaiwOkki,aiwOkki,naiwOkki,aiwOkki,ththaiwOkki,aiwOkki,daiwOkki,aiwOkki,aiwOkki,naiwOkki,RRaiwOkki,SaiwOkki,aiwOkki,yaiwOkki,zaiwOkki,vaiwOkki,aiwOkki
 ,inaththaiwOkki,yinaththaiwOkki,LLinaththaiwOkki,inaththaiwOkki,yinaththaiwOkki,nninaththaiwOkki,llinaththaiwOkki,inaththaiwOkki,yinaththaiwOkki,inaththaiwOkki,ththinaththaiwOkki,inaththaiwOkki,dinaththaiwOkki,inaththaiwOkki,inaththaiwOkki,NinaththaiwOkki,RinaththaiwOkki,SinaththaiwOkki,inaththaiwOkki,yinaththaiwOkki,zinaththaiwOkki,vinaththaiwOkki,inaththaiwOkki
 ,inaiwOkki,yinaiwOkki,LLinaiwOkki,inaiwOkki,yinaiwOkki,nninaiwOkki,llinaiwOkki,inaiwOkki,naiwOkki,inaiwOkki,ththinaiwOkki,inaiwOkki,dinaiwOkki,inaiwOkki,inaiwOkki,NinaiwOkki,RinaiwOkki,SinaiwOkki,inaiwOkki,yinaiwOkki,zinaiwOkki,vinaiwOkki,inaiwOkki
 ,aissuRRi,yaissuRRi,LLaissuRRi,aissuRRi,yaissuRRi,nnaissuRRi,llaissuRRi,aissuRRi,naissuRRi,aissuRRi,ththaissuRRi,aissuRRi,daissuRRi,aissuRRi,aissuRRi,naissuRRi,RaissuRRi,SaissuRRi,aissuRRi,yaissuRRi,zaissuRRi,vaissuRRi,aissuRRi
 ,inaththaissuRRi,yinaththaissuRRi,LLinaththaissuRRi,inaththaissuRRi,yinaththaissuRRi,nninaththaissuRRi,llinaththaissuRRi,inaththaisuRRi,yinaththaissuRRi,inaththaissuRRi,ththinaththaissuRRi,inaththaissuRRi,dinaththaissuRRi,inaththaissuRRi,inaththaissuRRi,NinaththaissuRRi,RinaththaissuRRi,SinaththaisuRRi,inaththaissuRRi,yinaththaissuRRi,zinaththaissuRRi,vinaththaissuRRi,inaththaissuRRi
 ,inaissuRRi,yinaissuRRi,LLinaissuRRi,inaissuRRi,yinaissuRRi,nninaissuRRi,llinaissuRRi,inaissuRRi,naissuRRi,inaissuRRi,ththinaissuRRi,inaissuRRi,dinaissuRRi,inaissuRRi,inaissuRRi,NinaissuRRi,RinaissuRRi,SinaissuRRi,inaissuRRi,yinaissuRRi,zinaissuRRi,vinaissuRRi,inaissuRRi
 ,aiththANdi,yaiththANdi,LLaiththANdi,aiththANdi,yaiththANdi,nnaiththANdi,llaiththANdi,aiththANdi,naiththANdi,aiththANdi,ththaiththANdi,aiththANdi,daiththANdi,aiththANdi,aiththANdi,naiththANdi,RaiththANdi,SaiththANdi,aiththANdi,yaiththANdi,zaiththANdi,vaiththANdi,aiththANdi
 ,inaiththANdi,yinaiththANdi,LLinaiththANdi,inaiththANdi,yinaiththANdi,nninaiththANdi,llinaiththANdi,inaiththANdi,naiththANdi,inaiththANdi,ththinaiththANdi,inaiththANdi,dinaiththANdi,inaiththANdi,inaiththANdi,NinaiththANdi,RinaiththANdi,SinaiththANdi,inaiththANdi,yinaiththANdi,zinaiththANdi,vinaiththANdi,inaiththANdi
 ,inaththaiththANdi,yinaththaiththANdi,LLinaththaiththANdi,inaththaiththANdi,yinaththaiththANdi,nninaththaiththANdi,llinaththaiththANdi,inaththaiththANdi,yinaththaiththANdi,inaththaiththANdi,ththinaththaiththANdi,inaththaiththANdi,dinaththaiththANdi,inaththaiththANdi,inaththaiththANdi,NinaththaiththANdi,RinaththaiththANdi,SinaththaiththANdi,inaththaiththANdi,yinaththaiththANdi,zinaththaithANdi,vinaththaiththANdi,inaththaithANdi
 ,aiththavirththu,yaiththavirththu,LLaiththavirththu,aiththavirththu,yaiththavirththu,nnaiththavirththu,llaiththavirththu,aiththavirththu,naiththavirththu,aiththavirththu,ththaiththavirththu,aiththavirththu,daiththavirththu,aiththavirththu,aiththavirththu,naiththavirththu,Raiththavirththu,Saiththavirththu,aiththavirththu,yaiththavirththu,zaiththavirththu,vaiththavirththu,aiththavirththu
 ,inaiththavirththu ,yinaiththavirththu,LLinaiththavirththu,inaiththavirththu ,yinaiththavirththu ,nninaiththavirththu ,llinaiththavirththu ,inaiththavirththu ,naiththavirththu,inaiththavirththu ,ththinaiththavirththu ,inaiththavirththu ,dinaiththavirththu ,inaiththavirththu ,inaiththavirththu ,Ninaiththavirththu ,Rinaiththavirththu ,Sinaiththavirththu ,inaiththavirththu ,yinaiththavirththu ,zinaiththavirththu,vinaiththavirththu,inaiththavirththu
 ,inaththaiththavirththu,yinaththaiththavirththu,LLinaththaiththavirththu,inaththaiththavirththu ,yinaththaiththavirththu ,nninaththaiththavirththu ,llinaththaiththavirththu ,inaththaiththavirththu,yinaththaiththavirththu,inaththaiththavirththu,ththinaththaiththavirththu,inaththaiththavirththu,dinaththaiththavirththu,inaththaiththavirththu,inaththaiththavirththu,Ninaththaiththavirththu,Rinaththaiththavirththu,Sinaththaiththavirththu ,inaththaiththavirththu,yinaththaiththavirththu,zinaththaiththavirththu,vinaththaiththavirththu,inaththaiththavirththu
 ,aiththavira,yaiththavira,LLaiththavira,aiththavira,yaiththavira,nnaiththavira,llaiththavira,aiththavira,naiththavira,aiththavira,ththaiththavira,aiththavira,daiththavira,aiththavira,aiththavira,naiththavira,Raiththavira,Saiththavira,aiththavira,yaiththavira,zaiththavira,vaiththavira,aiththavira
 ,inaiththavira,yinaiththavira,LLinaiththavira,inaiththavira,yinaiththavira,nninaiththavira,llinaiththavira,inaiththavira,ninaiththavira,inaiththavira,ththinaiththavira,inaiththavira,dinaiththavira,inaiththavira,inaiththavira,Ninaiththavira,Rinaiththavira,Sinaiththavira,inaiththavira,yinaiththavira,zinaiththavira,vinaiththavira,inaiththavira
 ,inaththaiththavira,yinaththaiththavira,LLinaththaiththavira,inaiththaiththavira,yinaththaiththavira ,nninaththaiththavira ,llinaththaiththavira ,inaththaiththavira,yinaththaiththavira,inaththaiththavira,ththinaththaiththavira,inaththaiththavira,dinaththaiththavira,inaththaiththavira,inaththaiththavira,Ninaththaiththavira,Rinaththaiththavira,Sinaththaiththavira ,inaththaiththavira,yinaththaiththavira,zinaththaiththavira,vinaththaiththavira,inaththaiththavira
 ,oziya,yoziya,LLoziya,oziya,yoziya,nnoziya,lloziya,oziya,noziya,oziya,ththoziya,yoziya,doziya,oziya,oziya,Noziya,Roziya,Soziya,oziya,yoziya,zoziya,voziya,oziya
 ,aiyoziya ,yaiyoziya,LLaiyoziya,aiyoziya ,yaiyoziya ,nnaiyoziya ,llaiyoziya ,aiyoziya ,naiyoziya ,aiyoziya ,ththaiyoziya,aiyoziya ,daiyoziya ,aiyoziya ,aiyoziya ,naiyoziya ,Raiyoziya ,SaiSoziya ,aiyoziya ,yaiyoziya ,zaiyoziya,vaiyoziya,aiyoziya
 ,inaththaiyoziya,yinaththaiyoziya,LLinaththaiyoziya,inaththaiyoziya ,yinaththaiyoziya ,nninaththaiyoziya ,llinaththaiyoziya ,inaththaiyoziya,yinaththaiyoziya,inaththaiyoziya,ththinaththaiyoziya,inaththaiyoziya,dinaththaiyoziya,inaththaiyoziya,inaththaiyoziya,Ninaththaiyoziya,Rinaththaiyoziya,Sinaththaiyoziya ,inaththaiyoziya,yinaththaiyoziya,zinaththaiyoziya,vinaththaiyoziya,inaththaiyoziya
 ,aiyoddi,yaiyoddi,LLaiyoddi,aiyoddi,yaiyoddi,nnaiyoddi,llaiyoddi,aiyoddi,naiyoddi,aiyoddi,ththaiyoddi,aiyoddi,daiyoddi,aiyoddi,aiyoddi,naiyoddi,Raiyoddi,Saiyoddi,aiyoddi,yaiyoddi,zaiyoddi,vaiyoddi,aiyoddi
 ,inaiyoddi,yinaiyoddi,LLinaiyoddi,inaiyoddi,yinaiyoddi,nninaiyoddi,llinaiyoddi,inaiyoddi,ninaiyoddi,inaiyoddi,ththinaiyoddi,inaiyoddi,dinaiyoddi,inaiyoddi,inaiyoddi,Ninaiyoddi,Rinaiyoddi,Sinaiyoddi,inaiyoddi,yinaiyoddi,zinaiyoddi,vinaiyoddi,inaiyoddi
 ,inaththaiyoddi,yinaththaiyoddi,LLinaththaiyoddi,inaththaiyoddi ,yinaththaiyoddi ,nninaththaiyoddi ,llinaththaiyoddi ,inaththaiyoddi,yinaththaiyoddi,inaththaiyoddi,ththinaththaiyoddi,inaththaiyoddi,dinaththaiyoddi,inaththaiyoddi,inaththaiyoddi,Ninaththaiyoddi,Rinaththaiyoddi,Sinaththaiyoddi ,inaththaiyoddi,yinaththaiyoddi,zinaththaiyoddi,vinaththaiyoddi,inaththaiyoddi
 ,aikkoNdu,yaikoNdu,LLaikkoNdu,aikkoNdu,yaikkoNdu,nnaikkoNdu,llaikkoNdu,aikoNdu,naikkoNdu,aikkoNdu,ththaikkoNdu,aikkoNdu,daikkoNdu,aikkoNdu,aikkoNdu,naikkoNdu,RaikkoNdu,aikoNdu,aikkoNdu,yaikkoNdu,zaikkoNdu,vaikkoNdu,aikkoNdu
 ,iNaikkoNdu,yiNaikkoNdu,LLinaikkoNdu,inaikkoNdu,yinaikkoNdu,nninaikkoNdu,llinaikkoNdu,inaikkoNdu,ninaikkoNdu,iNaikkoNdu,ththinaikkoNdu,iNaikkoNdu,diNaikkoNdu,inaikkoNdu,inaikkoNdu,NinaikkoNdu,RinaikkoNdu,SinaikkoNdu,iNaikkoNdu,yiNaikkoNdu,ziNaikkoNdu,vinaikkoNdu,inaikkoNdu
 ,inaththaikkoNdu,yinaththaikkoNdu,LLinaththaikkoNdu,inaththaikkoNdu,yinaththaikkoNdu ,nninaththaikkoNdu,llinaththaikkoNdu ,inaththaikkoNdu,yinaththaikkoNdu,inaththaikkoNdu,ththinaththaikkoNdu,inaththaikkoNdu,dinaththaikkoNdu,inaththaikkoNdu,inaththaikkoNdu,NinaththaikkoNdu,RinaththaikkoNdu,SinaththaikkoNdu ,inaththaikkoNdu,yinaththaikkoNdu,zinaththaikoNdu,vinaththaikkoNdu,inaththaikkoNdu
 ,aivaiththu,yaivaiththu,LLaivaiththu,aivaiththu,yaivaiththu,nnaivaiththu,llaivaiththu,aivaiththu,naivaiththu,aivaiththu,ththaivaiththu,aivaiththu,daivaiththu,aivaiththu,aivaiththu,naivaiththu,Raivaiththu,aivaiththu,aivaiththu,yaivaiththu,zaivaiththu,vaivaiththu,aivaiththu
 ,inaththaivaiththu,yinaththaivaiththu,LLinaththaivaiththu,inaththaivaiththu,yinaththaivaiththu ,nninaththaivaiththu ,llinaththaivaiththu ,inaththaivaiththu,yinaththaivaiththu,inaththaivaiththu,ththinaththaivaiththu,inaththaivaiththu,dinaththaivaiththu,inaththaivaiththu,inaththaivaiththu,Ninaththaivaiththu,Rinaththaivaiththu,Sinaththaivaiththu ,inaththaivaiththu,yinaththaivaiththu,zinaththaivaiththu,vinaththaivaiththu,inaththaivaiththu
 ,inaivaiththu,yinaivaiththu,LLinaivaiththu,inaivaiththu,yinaivaiththu,nninaivaiththu,llinaivaiththu,inaivaiththu,ninaivaiththu,inaivaiththu,ththinaivaiththu,inaivaiththu,dinaivaiththu,inaivaiththu,inaivaiththu,Ninaivaiththu,Rinaivaiththu,Sinaivaiththu,inaivaiththu,yinaivaiththu,zinaivaiththu,vinaivaiththu,inaivaiththu
 ,aividdu,yaividdu,LLaividdu,aividdu,yaividdu,nnaividdu,llaividdu,aividdu,naividdu,aividdu,ththaividdu,aividdu,daividdu,aividdu,aividdu,naividdu,Raividdu,aividdu,aividdu,yaividdu,zaividdu,vaividdu,aividdu
 ,inaividdu,yinaividdu,LLinaividdu,inaividdu,yinaividdu,nninaividdu,llinaividdu,inaividdu,ninaividdu,inaividdu,ththinaividdu,inaividdu,dinaividdu,inaividdu,inaividdu,Ninaividdu,Rinaividdu,Sinaividdu,inaividdu,yinaividdu,zinaividdu,vinaividdu,inaividdu
 ,inaththaividdu,yinaththaividdu,LLinaththaividdu,inaththaividdu,yinaththaividdu ,nninaththaividdu,llinaththaividdu ,inaththaividdu,yinaththaividdu,inaththaividdu,ththinaththaividdu,inaththaividdu,dinaththaividdu,inaththaividdu,inaththaividdu,Ninaththaividdu,Rinaththaividdu,Sinaththaividdu ,inaththaividdu,yinaththaividdu,zinaththaividdu,vinaththaividdu,inaththaividdu
 ,aippOla ,yaippOla,LLaippOla,aippOla ,yaippOla ,nnaippOla ,llaippOla ,aippOla ,naippOla ,aippOla ,ththaippOla,aippOla ,daippOla ,aippOla ,aippOla ,naippOla ,RaippOla ,aippOla ,aippOla ,yaippOla ,zaipOla ,vaippOla,aippOla
 ,inaippOla ,yinaippOla,LLinaippOla,inaippOla ,yinaippOla ,nninaippOla ,llinaippOla ,inaippOla ,ninaippOla ,inaippOla ,ththinaippOla ,inaippOla ,dinaippOla ,inaippOla ,inaippOla ,NinaippOla ,RinaippOla ,SinaippOla ,inaippOla ,yinaippOla ,zinaippOla ,vinaippOla,inaippOla
 ,inaththaippOla ,yinaththaippOla,LLinaththaippOla,inaththaippOla ,yinaththaippOla  ,nninaththaippOla,llinaththaippOla ,inaththaippOla,yinaththaippOla ,inaththaippOla,ththinaththaippOla,inaththaippOla ,dinaththaippOla ,inaththaippOla ,inaththaippOla,NinaththaippOla ,RinaththaippOla ,SinaththaippOla  ,inaththaippOla ,yinaththaippOla ,zinaththaippOla ,vinaththaippOla,inaththaippOla
 ,aippOl,yaippOl,LLaippOl,aippOl,yaippOl,nnaippOl,llaippOl,aippOl,naippOl,aippOl,ththaippOl,aippOl,daippOl,aippOl,aippOl,naippOl,RaippOl,aippOl,aippOl,yaippOl,zaippOl,vaippOl,aippOl
 ,inaippOl,yinaippOl,LLinaippOl,inaippOl,yinaippOl,nninaippOl,llinaippOl,inaippOl,ninaippOl,inaippOl,ththinaippOl ,inaippOl,dinaippOl,inaippOl,inaippOl,NinaippOl,RinaippOl,SinaippOl,inaippOl,yinaippOl,zinaippOl,vinaippOl,inaippOl
 ,inaththaippOl,yinaththaippOl,LLinaththaippOl,inaththaippOl,yinaththaippOl  ,nninaththaippOl,llinaththaippOl ,inaththaippOl,yinaththaippOl,inaththaippOl,ththinaththaippOl,inaththaippOl,dinaththaippOl,inaththaippOl,inaththaippOl,NinaththaippOl,RinaththaippOl,SinaththaippOl  ,inaththaippOl,yinaththaippOl,zinaththaippOl,vinaththaippOl,inaththaippOl
 ,umAthiri,mAthiri,LmAthiri,mAthiri,mAthiri,nmAthiri,lmAthiri,mAthiri,nmAthiri,umAthiri,mmAthiri,mAthiri,umAthiri,mAthiri,mAthiri,mAthiri,RumAthiri,mAthiri,mAthiri,mAthiri,zmAthiri,mAthiri,mAthiri
 ,aimAthiri,yaimAthiri,LLaimAthiri,aimAthiri,yaimAthiri,nnaimAthiri,llaimAthiri,aimAthiri,naimAthiri,aimAthiri,ththaimAthiri,aimAthiri,daimAthiri,aimAthiri,aimAthiri,naimAthiri,RaimAthiri,aimAthiri,aimAthiri,yaimAthiri,zaimAthiri,vaimAthiri,aimAthiri
 ,aivida,yaivida,LLaivida,aivida,yaivida,nnaivida,llaivida,aivida,naivida,aivida,ththaivida,aivida,daivida,aivida,aivida,naivida,Raivida,aivida,aivida,yaivida,zaivida,vaivida,aivida
 ,inaivida,yinaivida,LLinaivida,inaivida,yinaivida,nninaivida,llinaivida,inaivida,ninaivida,inaivida,ththinaivida ,inaivida,dinaivida,inaivida,inaivida,Ninaivida,Rinaivida,Sinaivida,inaivida,yinaivida,zinaivida,vinaivida,inaivida
 ,inaththaivida,yinaththaivida,LLinaththaivida,inaththaivida,yinaththaivida  ,nninaththaivida,llinaththaivida ,inaththaivida,yinaththaivida,inaththaivida,ththinaththaivida,inaththaivida,dinaththaivida,inaththaivida,inaththaivida,Ninaththaivida,Rinaththaivida,Sinaththaivida  ,inaththaivida,yinaththaivida,zinaththaivida,vinaththaivida,inaththaivida
 ,ukkuppathilAka ,kkupathilAka,LLukkuppathilAka,ikkuppathilAka ,kkuppathilAka ,nnukkuppathilAka ,llukkuppathilAka ,ukkuppathilAka ,nukkupathilAka ,ukkupathilAka ,ththukkuppathilAka,ukkuppathilAka ,dukkuppathilAka ,ukkuppathilAka ,ukkuppathilAka ,NukkuppathilAka ,RukkuppathilAka ,SukkuppathilAka ,ukkuppathilAka ,yikkuppathilAka ,zukkuppathilAka ,vukkuppathilAka,ukkuppathilAka
 ,ukkAka ,kkAka,LLukkAka,ikkAka ,kkAka ,nnukkAka ,llukkAka ,ukkAka ,nukkAka ,ukkAka ,ththukkAka,ukkAka ,dukkAka ,ukkAka ,ukkAka ,NukkAka ,RukkAka ,SukkAka ,ukkAka,yikkAka ,zukkAka ,vukkAka,ukkAka
 ,inukkAka,yinukkAka,LLinukkAka,inukkAka,yinukkAka,nninukkAka,llinukkAka,inukkAka,ninukkAka ,inukkAka,ththinukkAka,inukkAka,dinukkAka,inukkAka,inukkAka,NinukkAka,RinukkAka,SinukkAka,inukkAka,yinukkAka,zinukkAka,vinukkAka,inukkAka
 ,ukkuppiRaku,kkuppiRaku,LLukkuppiRaku,ikkuppiRaku,kkuppiRaku,nnukkuppiRaku,llukkuppiRaku,ukkuppiRaku,nukkuppiRaku,ukkuppiRaku,ththukkuppiRaku,ukkuppiRaku,dukkuppiRaku,ukkuppiRaku,ukkuppiRaku,NukkuppiRaku,RukkuppiRaku,SukkuppiRaku,ukkuppiRaku,yikkuppiRaku,zukkuppiRaku,vukkuppiRaku,ukkuppiRaku
 ,ukkappuRam ,kkappuRam,LLukkappuRam,ikkappuRam ,kkappuRam ,nnukkappuRam ,llukkappuRam ,ukkappuRam ,nukkappuRam ,ukkappuRam ,ththukkappuRam,ukkappuRam ,dukkappuRam ,ukkappuRam ,ukkappuRam ,NukkappuRam ,RukkappuRam ,SukkappuRam ,ukkappuRam ,yikkappuRam ,zukkappuRam ,vukkappuRam,ukkappuRam
 ,ukkappAl,kkappAl,LLukkappAl,ikkappAl,kkappAl,nnukkappAl,llukkappAl,ukkappAl,nukkappAl,ukkappAl,ththukkappAl,ukkappAl,dukkappAl,ukkappAl,ukkappAl,NukkappAl,RukkappAl,SukkappAl,ukkappAl,yikkappAl,zukkappAl,vukkappAl,ukkappAl
 ,ukkumEl,kkumEl,LLukkumEl,ikkumEl,kkumEl,nnukkumEl,llukkumEl,ukkumEl,nukkumEl,ukkumEl,ththukkumEl,ukkumEl,dukkumEl,ukkumEl,ukkumEl,NukkumEl,RukkumEl,SukkumEl,ukkumEl,yikkumEl,zukkumEl,vukkumEl,ukkumEl
 ,ukkumElE,kkumElE,LLukkumElE,ikkumElE,kkumElE,nnukkumElE,llukkumElE,ukkumElE,nukkumElE,ukkumElE,ththukkumElE,ukkumElE,dukkumElE,ukkumElE,ukkumElE,NukkumElE,RukkumElE,SukkumElE,ukkumElE,yikkumElE,zukkumElE,vukkumElE,ukkumElE
 ,ukkukIz,kkukIz,LLukkukIz,ikkukIz,kkungkIz,nnukkungkIz,llukkungkIz,ukkungkIz,nukkungkIz,ukkungkIz,ththukkungkIz,ukkungkIz,dukkungkIz,ukkungkIz,ukkungkIz,NukkungkIz,RukkungkIz,SukkungkIz,ukkungkIz,yikkungkIz,zukkungkIz,vukkungkIz,ukkungkIz
 ,ukkukIzE,kkukIzE,LLukkukIzE,ikkukIzE,kkungkIzE,nnukkungkIzE,llukkungkIzE,ukkungkIzE,nukkungkIzE,ukkungkIzE,ththukkungkIzE,ukkungkIzE,dukkungkIzE,ukkungkIzE,ukkungkIzE,NukkungkIzE,RukkungkIzE,SukkungkIzE,ukkungkIzE,yikkungkIzE,zukkungkIzE,vukkungkIzE,ukkungkIzE
 ,ukkuL,kkuL,LLukkuL,kkuL,kkuL,nnukkuL,llukkuL,ukkuL,nukkuL,ukkuL,ththukkuL,ukkuL,dukkuL,ukkuL,ukkuL,NukkuL,RukkuL,SukkuL,ukkuL,yikkuL,zukkuL,vukkuL,ukkuL
 ,ukkuLLE,kkuLLE,LLukkuLLE,ikkuLLE,kkuLLE,nnukkuLLE,llukkuLLE,ukkuLLE,nukkuLLE,ukkuLLE,ththukkuLLE,ukkuLLE,dukkuLLE,ukkuLLE,ukkuLLE,NukkuLLE,RukkuLLE,SukkuLLE,ukkuLLE,yikkuLLE,zukkuLLE,vukkuLLE,ukkuLLE
 ,ukkuveLiyil ,kkuveLiyil,LLukkuveLiyil,ikkuveLiyil ,kkuveLiyil ,nnukkuveLiyil ,llukkuveLiyil ,ukkuveLiyil ,nukkuveLiyil ,ukkuveLiyil ,ththukkuveLiyil,ukkuveLiyil ,dukkuveLiyil ,ukkuveLiyil ,ukkuveLiyil ,NukkuveLiyil ,RukkuveLiyil ,SukkuveLiyil ,ukkuveLiyil ,yikkuveLiyil ,zukkuveLiyil ,vukkuveLiyil,ukkuveLiyil
 ,ukkuveLiyE,kkuveLiyE,LLukkuveLiyE,ikkuveLiyE,kkuveLiyE,nnukkuveLiyE,llukkuveLiyE,ukkuveLiyE,nukkuveLiyE,ukkuveLiyE,ththukkuveLiyE,ukkuveLiyE,dukkuveLiyE,ukkuveLiyE,ukkuveLiyE,NukkuveLiyE,RukkuveLiyE,SukkuveLiyE,ukkuveLiyE,yikkuveLiyE,zukkuveLiyE,vukkuveLiyE,ukkuveLiyE
 ,ukkadiyil,kkadiyil,LLukkadiyil,ikkadiyil,kkadiyil,nnukkadiyil,llukkadiyil,ukkadiyil,nukkadiyil,ukkadiyil,ththukkadiyil,ukkadiyil,dukkadiyil,ukkadiyil,ukkadiyil,Nukkadiyil,Rukkadiyil,Sukkadiyil,ukkadiyil,yikkayiyil,zukkadiyil,vukkadiyil,ukkadiyil
 ,ukkarukil,dukkarukil,LLukkarukil,ikkarukil,kkarukil,nnukkarukil,llukkarukil,ukkarukil,nukkarukil,ukkarukil,ththukkarukil,ukkarukil,dukkarukil,ukkarukil,ukkarukil,Nukkarukil,Rukkarukil,Sukkarukil,ukkarukil,yikkarukil,zukkarukil,vukkarukil,ukkarukil
 ,umun,mun,Lmun,mun,mun,nmun,lmun,mun,nmun,umun,mmun,mun,umun,mun,mun,mun,Rumun,mun,mun,mun,zmun,mun,mun
 ,ukkumun,kkumun,LLukkumun,ikkumun,kkumun,nnukkumun,llukkumun,ukkumun,nukkumun,ukkumun,ththukkumun,ukkumun,dukkumun,ukkumun,ukkumun,Nukkumun,Rukkumun,Sukkumun,ukkumun,yikkumun,zukkumun,vukkumun,ukkumun
 ,umunnAl,munnAl,LmunnAl,munnAl,munnAl,nmunnAl,lmunnAl,munnAl,nmunnAl,umunnAl,mmunnAl,munnAl,umunnAl,munnAl,munnAl,munnAl,RumunnAl,munnAl,munnAl,munnAl,zmunnAl,munnAl,munnAl
 ,ukkumunnAl,kkumunnAl,LLukkumunnAl,ikkumunnAl,kkumunnAl,nnukkumunnAl,llukkumunnAl,ukkumunnAl,nukkumunnAl,ukkumunnAl,ththukkumunnAl,ukkumunnAl,dukkumunnAl,ukkumunnAl,ukkumunnAl,NukkumunnAl,RukkumunnAl,SukkumunnAl,ukkumunnAl,yikkumunnAl,zukkumunnAl,vukkumunnAl,ukkumunnAl
 ,upinnAl,pinnAl,LpinnAl,pinnAl,pinnAl,npinnAl,lpinnAl,pinnAl,npinnAl,upinnAl,mpinnAl,pinnAl,upinnAl,pinnAl,pinnAl,pinnAl,RupinnAl,pinnAl,pinnAl,pinnAl,zpinnAl,pinnAl,pinnAl
 ,ukkuppinnAl,kkuppinnAl,LLukkuppinnAl,ikkuppinnAl,kkuppinnAl,nnukkuppinnAl,llukkuppinnAl,ukkuppinnAl,nukkuppinnAl,ukkuppinnAl,ththukkuppinnAl,ukkuppinnAl,dukkuppinnAl,ukkuppinnAl,ukkuppinnAl,NukkuppinnAl,RukkuppinnAl,SukkuppinnAl,ukkuppinnAl,yikkuppinnAl,zukkuppinnAl,vukkuppinnAl,ukkuppinnAl
 ,ukkuppinpu,kkuppinpu,LLukkuppinpu,ikkuppinpu,kkuppinpu,nnukkuppinpu,llukkuppinpu,ukkuppinpu,nukkuppinpu,ukkuppinpu,ththukkuppinpu,ukkuppinpu,dukkuppinpu,ukkuppinpu,ukkuppinpu,Nukkuppinpu,Rukkuppinpu,Sukkuppinpu,ukkuppinpu,yikkuppinpu,zukkuppinpu,vukkuppinpu,ukkuppinpu
 ,ukkuppiwthi,kkuppiwthi,LLukkuppiwthi,ikkuppiwthi,kkuppiwthi,nnukkuppiwthi,llukkuppiwthi,ukkuppiwthi,nukkuppiwthi,ukkuppiwthi,ththukkuppiwthi,ukkuppiwthi,dukkuppiwthi,ukkuppiwthi,ukkuppiwthi,Nukkuppiwthi,Rukkuppiwthi,Sukkuppiwthi,ukkuppiwthi,yikkuppiwthi,zukkuppiwthi,vukkuppiwthi,ukkuppiwthi
 ,ukkukuRukkE ,kkukuRukkE,LLukkukuRukkE,ikkukuRukkE ,kkukuRukkE ,nnukkukuRukkE ,llukkukuRukkE ,ukkukuRukkE ,nukkukuRukkE ,ukkukuRukkE ,ththukkukuRukkE,ukkukuRukkE ,dukkukuRukkE ,ukkukuRukkE ,ukkukuRukkE ,NukkukuRukkE ,RukkukuRukkE ,SukkukuRukkE ,ukkukuRukkE ,yikkukuRukkE ,zukkukuRukkE ,vukkukuRukkE,ukkukuRukkE
 ,ukkuL,kkuL,LLukkuL,ukkuL,kkuL,nnukkuL,llukkuL,ukkuL,nukkuL,ukkuL,ththukkuL,ukkuL,dukkuL,ukkuL,ukkuL,NukkuL,RukkuL,SukkuL,ukkuL,yikkuL,zukkuL,vukkuL,ukkuL
 ,inuL,yinuL,LLinuL,inuL,yinuL,nninuL,llinuL,inuL,ninuL,inuL,ththinuL ,inuL,dinuL,inuL,inuL,NinuL,RinuL,SinuL,inuL,yinuL,zinuL,vinuL,inuL
 ,ukkuLLE,kkuLLE,LLukkuLLE,ikkuLLE,kkuLLE,nnukkuLLE,llukkuLLE,ukkuLLE,nukkuLLE,ukkuLLE,ththukkuLLE,ukkuLLE,dukkuLLE,ukkuLLE,ukkuLLE,NukkuLLE,RukkuLLE,SukkuLLE,ukkuLLE,yikkuLLE,zukkuLLE,vukkuLLE,ukkuLLE
 ,inukkuLLE,yinukkuLLE,LLinukkuLLE,inukkuLLE,yinukkuLLE,nninukkuLLE,llinukkuLLE,inukkuLLE,ninukkuLLE,inukkuLLE,ththinukkuLLE,inukkuLLE,dinukkuLLE,inukkuLLE,inukkuLLE,NinukkuLLE,RinukkuLLE,SinukkuLLE,inukkuLLE,yinukkuLLE,zinukkuLLE,vinukkuLLE,inukkuLLE
 ,ethirE,yethirE,LLethirE,ethirE,yethirE,nnethirE,llethirE,ethirE,nethirE,ethirE,ththethirE,yethirE,dethirE,ethirE,ethirE,NethirE,RethirE,yethirE,ethirE,yethirE,zethirE,vethirE,ethirE
 ,ukkethirE ,kkethirE,LLukkethirE,ikkethirE ,kkethirE ,nnukkethirE ,llukkethirE ,ukkethirE ,nukkethirE ,ukkethirE ,ththukkethirE,ukkethirE ,dukkethirE ,ukkethirE ,ukkethirE ,NukkethirE ,RukkethirE ,SukkethirE ,ukkethirE ,yikkethirE ,zukkethirE ,vukkethirE,ukkethirE
 ,ethirkku,yethirkku,LLethirkku,ethirkku,yethirkku,nnethirkku,llethirkku,ethirkku,nethirkku,ethirkku,ththethirkku,yethirkku,dethirkku,ethirkku,ethirkku,Nethirkku,Rethirkku,yethirkku,ethirkku,yethirkku,zethirkku,vethirkku,ethirkku
 ,ethiril ,yethiril,LLethiril,ethiril ,yethiril ,nnethiril ,llethiril ,ethiril ,nethiril ,ethiril ,ththethiril,yethiril ,dethiril ,ethiril ,ethiril ,Nethiril ,Rethiril ,yethiril ,ethiril ,yethiril ,zethiril ,vethiril,ethiril
 ,ukkethiril,kkethiril,LLukkethiril,ikkethiril,kkethiril,nnukkethiril,llukkethiril,ukkethiril,nukkethiril,ukkethiril,ththukkethiril,ukkethiril,dukkethiril,ukkethiril,ukkethiril,Nukkethiril,Rukkethiril,Sukkethiril,ukkethiril,yikkethiril,zukkethiril,vukkethiril,ukkethiril
 ,ukkuethirththArpOl,kkuethirththArpOl,LLukkuethirththArpOl,ikkuethirththArpOl,kkuethirththArpOl,nnukkuethirththArpOl,llukkuethirththArpOl,ukkuethirththArpOl,nukkuethirththARpOl,ukkuethirththArpOl,ththukkuethirththArpOl,ukkuethirththArpOl,dukkuethirththArpOl,ukkuethirththArpOl,ukkuethirththArpOl,NukkuethirththArpOl,RukkuethirththArpOl,SukkuethirththArpOl,ukkuethirththArpOl,yikkuethirththArpOl,zukkuethirththArpOl,vukkuethiRththArpOl,ukkuethirththARpOl
 ,ukkidaiyil,kkidaiyil,LLukkidaiyil,ikkidaiyil,kkidaiyil,nnukkidaiyil,llukkidaiyil,ukkidaiyil,nukkidaiyil,ukkidaiyil,ththukkidaiyil,ukkidaiyil,dukkidaiyil,ukkidaiyil,ukkidaiyil,Nukkidaiyil,Rukkidaiyil,Sukkidaiyil,ukkidaiyil,yikkidaiyil,zukkidaiyil,vukkidaiyil,ukkidaiyil
 ,ukkuwaduvil,kkuwaduvil,LLukkuwaduvil,ikkuwaduvil,kkuwaduvil,nnukkuwaduvil,llukkuwaduvil,ukkuwaduvil,nukkuwaduvil,ukkuwaduvil,ththukkuwaduvil,ukkuwaduvil,dukkuwaduvil,ukkuwaduvil,ukkuwaduvil,Nukkuwaduvil,Rukkuwaduvil,Sukkuwaduvil,ukkuwaduvil,yikkuwaduvil,zukkuwaduvil,vukkuwaduvil,ukkuwaduvil
 ,ukkaduththARpOl,kkaduththARpOl,LLukkaduththARpOl,ikkaduththARpOl,kkaduththARpOl,nnukkaduththARpOl,llukkaduththARpOl,ukkaduththARpOl,nukkaduththARpOl,ukkaduththARpOl,ththukkaduththARpOl,ukkaduththARpOl,dukkaduththARpOl,ukkuaduththARpOl,ukkuaduththARpOl,NukkaduththARpOl,RukkaduththARpOl,SukkaduththARpOl,ukkaduththARpOl,yikkaduththARpOl,zukkaduththARpOl,vukkaduththARpOl,ukkaduththARpOl
 ,iliruwthu,yiliruwthu,LLiliruwthu,iliruwthu,yiliruwthu,nniliruwthu,lliliruwthu,iliruwthu,niliruwthu,iliruwthu,ththiliruwthu,iliruwthu,diliruwthu,iliruwthu,iliruwthu,Niliruwthu,Riliruwthu,Siliruwthu,iliruwthu,yiliruwthu,ziliruwthu,viliruwthu,iliruwthu
 ,udan,yudan,LLudan,udan,yudan,nnudan,lludan,udan,nudan,udan,ththudan,udan,dudan,udan,udan,Nudan,Rudan,yudan,udan,yudan,zudan,vudan,udan
 ,idamiruwthu,yidamiruwthu,LLidamiruwthu,idamiruwthu,yidamiruwthu,nnidamiruwthu,llidamiruwthu,idamiruwthu,nidamiruwthu,idamiruwthu,ththidamiruwthu,idamiruwthu,didamiruwthu,idamiruwthu,idamiruwthu,Nidamiruwthu,Ridamiruwthu,Sidamiruwthu,idamiruwthu,yidamiruwthu,zidamiruwthu,vidamiruwthu,idamiruwthu
 ,umUlamiruwthu,mUlamiruwthu,LmUlamiruwthu,mUlamiruwthu,mUlamiruwthu,nmUlamiruwthu,lmUlamiruwthu,mUlamiruwthu,nmUlamiruwthu,umUlamiruwthu,vidamiruwthu,mUlamiruwthu,dumUlamiruwthu,mUlamiruwthu,mUlamiruwthu,mUlamiruwthu,RumUlamiruwthu,mUlamiruwthu,mUlamiruwthu,mUlamiruwthu,zmUlamiruwthu,mUlamiruwthu,mUlamiruwthu
 ,uppakkamiruwthu,pakkamiruwthu,Lppakkamiruwthu,ppakkamiruwthu,ppakkamiruwthu,nppakkamiruwthu,lpakkamiruwthu,pakkamiruwthu,npakkamiruwthu,upakkamiruwthu,mmUlamiruwthu,pakkamiruwthu,duppakkamiruwthu,pakkamiruwthu,pakkamiruwthu,pakkamiruwthu,Ruppakkamiruwthu,ppakkamiruwthu,pakkamiruwthu,pakkamiruwthu,zpakkamiruwthu,ppakkamiruwthu,pakkamiruwthu
 ,aNdaiyiruwthu,yaNdaiyiruwthu,LLaNdaiyiruwthu,aNyaiyiruwthu,aNdaiyiruwthu,naNdaiyiruwthu,llaNdaiyiruwthu,aNdaiyiruwthu,naNdaiyiruwthu,aNdaiyiruwthu,ppakkamiruwthu,daNdaiyiruwthu,daNdaiyiruwthu,aNdaiyiruwthu,aNdaiyiruwthu,NaNdaiyiruwthu,RaNdaiyiruwthu,SaNdaiyiruwthu,aNdaiyiruwthu,yaNdaiyiruwthu,zaNdaiyiruwthu,vaNdaiyiruwthu,aNdaiyiruwthu
 ,arukEyiruwthu,yarukEyiruwthu,LLarukEyiruwthu,arukEyiruwthu,yarukEyiruwthu,nnarukEyiruwthu,llarukEyiruwthu,arukEyiruwthu,narukEyiruwthu,arukEyiruwthu,ththaNdaiyiruwthu,arukEyiruwthu,darukEyiruwthu,arukEyiruwthu,arukEyiruwthu,NarukEyiruwthu,RarukEyiruwthu,SarukEyiruwthu,arukEyiruwthu,yarukEyiruwthu,zarukEyiruwthu,varukEyiruwthu,arukEyiruwthu
 ,ukkarukEyiruwthu,kkarukEyiruwthu,LLukkarukEyiruwthu,kkarukEyiruwthu,kkarukEyiruwthu,nnukkarukEyiruwthu,llukkarukEyiruwthu,ukkarukEyiruwthu,nukkarukEyiruwthu,ukkarukEyiruwthu,ththarukEyiruwthu,ukkarukEyiruwthu,dukkarukEyiruwthu,ukkarukEyiruwthu,ukkarukEyiruwthu,NukkarukEyiruwthu,RukkarukEyiruwthu,SukkarukEyiruwthu,ukkarukEyiruwthu,yikkarukEyiruwthu,zukkarukEyiruwthu,vukkarukEyiruwthu,ukkarukEyiruwthu
 ,arukiliruwthu,yarukiliruwthu,LLarukiliruwthu,arukiliruwthu,yarukiliruwthu,nnarukiliruwthu,llarukiliruwthu,arukiliruwthu,narukiliruwthu,arukiliruwthu,ththarukiliruwthu,arukiliruwthu,darukiliruwthu,arukiliruwthu,arukiliruwthu,Narukiliruwthu,Rarukiliruwthu,Sarukiliruwthu,arukiliruwthu,yarukiliruwthu,zarukiliruwthu,varukiliruwthu,arukiliruwthu
 ,ukkarukiliruwthu,kkarukiliruwthu,LLukkarukiliruwthu,kkarukiliruwthu,kkarukiliruwthu,nnukkarukiliruwthu,llukkarukiliruwthu,ukkarukiliruwthu,nukkarukiliruwthu,ukkarukiliruwthu,ththukkaruliruwthu,ukkarukiliruwthu,dukkarukiliruwthu,ukkarukiliruwthu,ukkarukiliruwthu,Nukkarukiliruwthu,Rukkarukiliruwthu,Sukkarukiliruwthu,ukkarukiliruwthu,yikkarukiliruwthu,zukkarukiliruwthu,vukkarukiliruwthu,ukkarukiliruwthu
 ,ukiddaruwthu,kiddaruwthu,Lkiddayiruwthu,kiddayiruwthu,kiddayiruwthu,nkiddayiruwthu,lkiddayiruwthu,kiddayiruwthu,nkiddayiruwthu,ukiddayiruwthu,ththukiddayiruwthu,dukiddayiruwthu,dukiddayiruwthu,ukiddayiruwthu,ukiddayiruwthu,kiddayiruwthu,Rukiddayiruwthu,kiddayiruwthu,kiddayiruwthu,kiddayiruwthu,zkiddayiruwthu,kiddayiruwthu,kiddayiruwthu
 ,umEliruwthu,mEliruwthu,LmEliruwthu,mEliruwthu,mEliruwthu,nmEliruwthu,lmEliruwthu,mEliruwthu,nmEliruwthu,umEliruwthu,mmEliruwthu,mEliruwthu,dumEliruwthu,mEliruwthu,mEliruwthu,mEliruwthu,RumEliruwthu,mEliruwthu,mEliruwthu,mEliruwthu,zmEliruwthu,mEliruwthu,mEliruwthu
 ,ukkumEliruwthu,kkumEliruwthu,LLukkumEliruwthu,kkumEliruwthu,kkumEliruwthu,nnukkumEliruwthu,llukkumEliruwthu,ukkumEliruwthu,nukkumEliruwthu,ukkumEliruwthu,ththukkumEliruwthu,ukkumEliruwthu,dukkumEliruwthu,ukkumEliruwthu,ukkumEliruwthu,NukkumEliruwthu,RukkumEliruwthu,SukkumEliruwthu,ukkumEliruwthu,yikkumEliruwthu,zukkumEliruwthu,vukkumEliruwthu,ukkumEliruwthu
 ,umElEyiruwthu,mElEyiruwthu,LmElEyiruwthu,mElEyiruwthu,mElEyiruwthu,nmElEyiruwthu,lmElEyiruwthu,mElEyiruwthu,nmElEyiruwthu,umElEyiruwthu,mmElEyiruwthu,mElEyiruwthu,dumElEyiruwthu,mElEyiruwthu,mElEyiruwthu,mElEyiruwthu,RumElEyiruwthu,mElEyiruwthu,mElEyiruwthu,mElEyiruwthu,zmElEyiruwthu,mElEyiruwthu,mElEyiruwthu
 ,ukkumElEyiruwthu,kkumElEyiruwthu,LLukkumElEyiruwthu,kkumElEyiruwthu,kkumElEyiruwthu,nnukkumElEyiruwthu,llukkumElEyiruwthu,ukkumElEyiruwthu,nukkumElEyiruwthu,ukkumElEyiruwthu,ththukkumElEyiruwthu,ukkumElEyiruwthu,dukkumElEyiruwthu,ukkumElEyiruwthu,ukkumElEyiruwthu,NukkumElEyiruwthu,RukkumElEyiruwthu,SukkumElEyiruwthu,ukkumElEyiruwthu,yikkumElEyiruwthu,zukkumElEyiruwthu,vukkumElEyiruwthu,ukkumElEyiruwthu
 ,ukkukIziruwthu,kkungkIziruwthu,LLukkungkIziruwthu,kkungkIziruwthu,kkungkIziruwthu,nnukkungkIziruwthu,llukkungkIziruwthu,ukkungkIziruwthu,nukkungkIziruwthu,ukkungkIziruwthu,ththukkungkIzngkIziruwthu,ukkungkIziruwthu,dukkungkIziruwthu,ukkungkIziruwthu,ukkungkIziruwthu,NukkungkIziruwthu,RukkungkIziruwthu,SukkungkIziruwthu,ukkungkIziruwthu,yikkungkIziruwthu,zukkungkIziruwthu,vukkungkIziruwthu,ukkungkIziruwthu
 ,inkIziruwthu,yinkIziruwthu,LLinkIziruwthu,inkIziruwthu,yinkIziruwthu,nninkIziruwthu,llinkIziruwthu,inkIziruwthu,nkIziruwthu,inkIziruwthu,ththinkIziruwthu,inkIziruwthu,dinkIziruwthu,inkIziruwthu,inkIziruwthu,NinkIziruwthu,RinkIziruwthu,SinkIziruwthu,inkIziruwthu,yinkIziruwthu,zinkIziruwthu,vinkIziruwthu,inkIziruwthu
 ,athinkIziruwthu,yathinkIziruwthu,LLathinkIziruwthu,athinkIziruwthu,yathinkIziruwthu,nnathinkIziruwthu,llathinkIziruwthu,athinkIziruwthu,nathinkIziruwthu,athinkIziruwthu,ththathinkIziruwthu,dathinkIziruwthu,dathinkIziruwthu,athinkIziruwthu,athinkIziruwthu,NathinkIziruwthu,RathinkIziruwthu,SathinkIziruwthu,athinkIziruwthu,yathinkIziruwthu,zathinkIziruwthu,vathinkIziruwthu,athinkIziruwthu
 ,inkIzEyiruwthu,yinkIzEyiruwthu,LLinkIzEyiruwthu,inkIzEyiruwthu,yinkIzEyiruwthu,nninkIzEyiruwthu,llinkIzEyiruwthu,inkIzEyiruwthu,ninkIzEyiruwthu,inkIzEyiruwthu,ththinkIzEyiruwthu,inkIzEyiruwthu,dinkIzEyiruwthu,inkIzEyiruwthu,inkIzEyiruwthu,NinkIzEyiruwthu,RinkIzEyiruwthu,SinkIzEyiruwthu,inkIzEyiruwthu,yinkIzEyiruwthu,zinkIzEyiruwthu,vinkIzEyiruwthu,inkIzEyiruwthu
 ,athankIzEyiruwthu ,yathankIzEyiruwthu,LLathankIzEyiruwthu,athankIzEyiruwthu,yathankIzEyiruwthu,nnathankIzEyiruwthu,llathankIzEyiruwthu,athankIzEyiruwthu ,nathankIzEyiruwthu,athankIzEyiruwthu ,mathankIzEyiruwthu,athankIzEyiruwthu ,dathankIzEyiruwthu ,athankIzEyiruwthu ,athankIzEyiruwthu ,NathankIzEyiruwthu ,RathankIzEyiruwthu ,SathankIzEyiruwthu ,athankIzEyiruwthu,yathankIzEyiruwthu,zathankIzEyiruwthu ,vathankIzEyiruwthu,athankIzEyiruwthu
 ,ukaL,kaL,dkaL,kaL,kaL,RkaL,RkaL,kaL,rkaL,ukaL,ngkaL,kaL,ukaL,kaL,kaL,kaL,RukaL,kaL,kaL,kkaL,zkaL,kkaL,kaL
 ,ukaLai,kaLai,dkaLai,kaLai,kaLai,RkaLai,RkaLai,kaLai,rkaLai,ukaLai,ngkaLai,kaLai,ukaLai,kaLai,kaLai,kaLai,RukaLai,kaLai,kaLai,kkaLai,zkaLai,kkaLai,kaLai
 ,ukaLinai,kaLinai,dkaLinai,kaLinai,kaLinai,RkaLinai,RkaLinai,kaLinai,rkaLinai,ukaLinai,ngkaLinai,kaLinai,ukaLinai,kaLinai,kaLinai,kaLinai,RukaLinai,kaLinai,kaLinai,kkaLinai,zkaLinai,kkaLinai,kaLinai
 ,ukaLin,kaLin,dkaLin,kaLin,kaLin,RkaLin,RkaLin,kaLin,rkaLin,ukaLin,ngkaLin,kaLin,ukaLin,kaLin,kaLin,kaLin,RukaLin,kaLin,kaLin,kkaLin,zkaLin,kkaLin,kaLin
 ,ukaLukkAka,kaLukkAka,dkaLukkAka,kaLukkAka,kaLukkAka,RkaLukkAka,RkaLukkAka,kaLukkAka,rkaLukkAka,ukaLukkAka,ngkaLukkAka,kaLukkAka,ukaLukkAka,kaLukkAka,kaLukkAka,kaLukkAka,RukaLukkAka,kaLukkAka,kaLukkAka,kkaLukkAka,zkaLukkAka,kkaLukkAka,kaLukkAka
 ,ukaLukkAna ,kaLukkAna,dkaLukkAna,kaLukkAna ,kaLukkAna ,RkaLukkAna ,RkaLukkAna ,kaLukkAna ,rkaLukkAna ,ukaLukkAna ,ngkaLukkAna ,kaLukkAna ,ukaLukkAna ,kaLukkAna ,kaLukkAna ,kaLukkAna ,RukaLukkAna ,kaLukkAna ,kaLukkAna ,kkaLukkAna ,zkaLukkAna ,kkaLukkAna,kaLukkAna
 ,ukaLukku,kaLukku,dkaLukku,kaLukku,kaLukku,RkaLukku,RkaLukku,kaLukku,rkaLukku,ukaLukku,ngkaLukku,kaLukku,ukaLukku,kaLukku,kaLukku,kaLukku,RukaLukku,kaLukku,kaLukku,kkaLukku,zkaLukku,kkaLukku,kaLukku
 ,ukaLil,kaLil,dkaLil,kaLil,kaLil,RkaLil,RkaLil,kaLil,rkaLil,ukaLil,ngkaLil,kaLil,ukaLil,kaLil,kaLil,kaLil,RukaLil,kaLil,kaLil,kkaLil,zkaLil,kkaLil,kaLil
 ,ukaLudan ,kaLudan,dkaLudan,kaLudan ,kaLudan ,RkaLudan ,RkaLudan ,kaLudan ,rkaLudan ,ukaLudan ,ngkaLudan ,kaLudan ,ukaLudan ,kaLudan ,kaLudan ,kaLudan ,RukaLudan ,kaLudan ,kaLudan ,kkaLudan ,zkaLudan ,kkaLudan,kaLudan
 ,ukaLOdu,kaLOdu,dkaLOdu,kaLOdu,kaLOdu,RkaLOdu,RkaLOdu,kaLOdu,rkaLOdu,ukaLOdu,ngkaLOdu,kaLOdu,ukaLOdu,kaLOdu,kaLOdu,kaLOdu,RukaLOdu,kaLOdu,kaLOdu,kkaLOdu,zkaLOdu,kkaLOdu,kaLOdu
 ,ukaLathu,kaLathu,dkaLathu,kaLathu,kaLathu,RkaLathu,RkaLathu,kaLathu,rkaLathu,ukaLathu,ngkaLathu,kaLathu,ukaLathu,kaLathu,kaLathu,kaLathu,RukaLathu,kaLathu,kaLathu,kkaLathu,zkaLathu,kkaLathu,kaLathu
 ,ukaLAl,kaLAl,dkaLAl,kaLAl,kaLAl,RkaLAl,RkaLAl,kaLAl,rkaLAl,ukaLAl,ngkaLAl,kaLAl,ukaLAl,kaLAl,kaLAl,kaLAl,RukaLAl,kaLAl,kaLAl,kkaLAl,zkaLAl,kkaLAl,kaLAl
 ,ukaLudan,kaLudan,dkaLudan,kaLudan,kaLudan,RkaLudan,RkaLudan,kaLudan,rkaLudan,ukaLudan,ngkaLudan,kaLudan,ukaLudan,kaLudan,kaLudan,kaLudan,RukaLudan,kaLudan,kaLudan,kkaLudan ,zkaLudan,kkaLudan,kaLudan
 ,ukaLvaraikkum,kaLvaraikkum,dkaLvaraikkum,kaLvaraikkum,kaLvaraikkum,RkaLvaraikkum,RkaLvaraikkum,kaLvaraikkum,rkaLvaraikkum,ukaLvaraikkum,ngkaLvaraikkum,kaLvaraikkum,ukaLvaraikkum,kaLvaraikkum,kaLvaraikkum,kaLvaraikkum,RukaLvaraikkum,kaLvaraikkum,dukaLvaraikkum,kkaLvaraikkum,zkaLvaraikkum,kaLvaraikkum,kaLvaraikkum
 ,ukaLvaraiyil,kaLvaraiyil,dkaLvaraiyil,kaLvaraiyil,kaLvaraiyil,RkaLvaraiyil,RkaLvaraiyil,kaLvaraiyil,rkaLvaraiyil,ukaLvaraiyil,ngkaLvaraiyil,kaLvaraiyil,ukaLvaraiyil,kaLvaraiyil,kaLvaraiyil,kaLvaraiyil,RukaLvaraiyil,kaLvaraiyil,kaLvaraiyil,kkaLvaraiyil,zkaLvaraiyil,kaLvaraiyil,kaLvaraiyil
 ,ukaLillAmal,kaLillAmal,dkaLillAmal,kaLillAmal,kaLillAmal,RkaLillAmal,RkaLillAmal,kaLillAmal,rkaLillAmal,ukaLillAmal,ngkaLillAmal,kaLillAmal,ukaLillAmal,kaLillAmal,kaLillAmal,kaLillAmal,RukaLillAmal,kaLillAmal,kaLillAmal,kkaLillAmal,zkaLillAmal,kkaLillAmal,kaLillAmal
 ,ukaLallAmal,kaLallAmal,dkaLallAmal,kaLallAmal,kaLallAmal,RkaLallAmal,RkaLallAmal,kaLallAmal,rkaLallAmal,ukaLallAmal,ngkaLallAmal,kaLallAmal,ukaLallAmal,kaLallAmal,kaLallAmal,kaLallAmal,RukaLallAmal,kaLallAmal,kaLallAmal,kkaLallAmal,zkaLallAmal,kkaLallAmal,kaLallAmal
 ,ukaLAddam,kaLAddam,dkaLAddam,kaLAddam,kaLAddam,RkaLAddam,RkaLAddam,kaLAddam,rkaLAddam,ukaLAddam,ngkaLAddam,kaLAddam,ukaLAddam,kaLAddam,kaLAddam,kaLAddam,RukaLAddam,kaLAddam,kaLAddam,kkaLAddam,zkaLAddam,kkaLAddam,kaLAddam
 ,ukaLmuthal,kaLmuthal,dkaLmuthal,kaLmuthal,kaLmuthal,RkaLmuthal,RkaLmuthal,kaLmuthal,rkaLmuthal,ukaLmuthal,ngkaLmuthal,kaLmuthal,ukaLmuthal,kaLmuthal,kaLmuthal,kaLmuthal,RukaLmuthal,kaLmuthal,kaLmuthal,kkaLmuthal,zkaLmuthal,kkaLmuthal,kaLmuthal
 ,ukaLinpadi,kaLinpadi,dkaLinpadi,kaLinpadi,kaLinpadi,RkaLinpadi,RkaLinpadi,kaLinpadi,rkaLinpadi,ukaLinpadi,ngkaLinpadi,kaLinpadi,ukaLinpadi,kaLinpadi,kaLinpadi,kaLinpadi,RukaLinpadi,kaLinpadi,kaLinpadi,kkaLinpadi,zkaLinpadi,kkaLinpadi,kaLinpadi
 ,ukaLinvaziyAka,kaLinvaziyAka,dkaLinvaziyAka,kaLinvaziyAka,kaLinvaziyAka,RkaLinvaziyAka,RkaLinvaziyAka,kaLinvaziyAka,rkaLinvaziyAka,ukaLinvaziyAka,ngkaLinvaziyAka,kaLinvaziyAka,ukaLinvaziyAka,kaLinvaziyAka,kaLinvaziyAka,kaLinvaziyAka,RukaLinvaziyAka,kaLinvaziyAka,kaLinvaziyAka,kkaLinvaziyAka,zkaLinvaziyAka,kkaLinvaziyAka,kaLinvaziyAka
 ,ukaLidam ,kaLidam,dkaLidim,kaLidam ,kaLidam ,RkaLidam ,RkaLidam ,kaLidam ,rkaLidam ,ukaLidam ,ngkaLidam ,kaLidam ,ukaLidam ,kaLidam ,kaLidam,kaLidam ,RukaLidam ,kaLidam ,kaLidam ,kkaLidam ,zkaLidam ,kkaLidam,kaLidam
 ,ukaLinmUlam ,kaLinmUlam,dkaLinmUlam,kaLinmUlam ,kaLinmUlam ,RkaLinmUlam ,RkaLinmUlam ,kaLinmUlam ,rkaLinmUlam ,ukaLinmUlam ,ngkaLinmUlam ,kaLinmUlam ,ukaLinmUlam ,kaLinmUlam ,kaLinmUlam ,kaLinmUlam ,RukaLinmUlam ,kaLinmUlam ,kaLinmUlam ,kkaLinmUlam ,zkaLinmUlam ,kkaLinmUlam,kaLinmUlam
 ,ukaLinpakkam,kaLinpakkam,dkaLinpakkam,kaLinpakkam,kaLinpakkam,RkaLinpakkam,RkaLinpakkam,kaLinpakkam,rkaLinpakkam,ukaLinpakkam,ngkaLinpakkam,kaLinpakkam,ukaLinpakkam,kaLinpakkam,kaLinpakkam,kaLinpakkam,RukaLinpakkam,kaLinpakkam,kaLinpakkam,kkaLinpakkam,zkaLinpakkam,kkaLinpakkam,kaLinpakkam
 ,ukaLinaNdai,kaLinaNdai,dkaLinaNdai,kaLinaNdai,kaLinaNdai,RkaLinaNdai,RkaLinaNdai,kaLinaNdai,rkaLinaNdai,ukaLinaNdai,ngkaLinaNdai,kaLinaNdai,ukaLinaNdai,kaLinaNdai,kaLinaNdai,kaLinaNdai,RukaLinaNdai,kaLinaNdai,kaLinaNdai,kkaLinaNdai,zkaLinaNdai,kkaLinaNdai,kaLinaNdai
 ,ukaLarukE,kaLarukE,dkaLarukE,kaLarukE,kaLarukE,RkaLarukE,RkaLarukE,kaLarukE,rkaLarukE,ukaLarukE,ngkaLarukE,kaLarukE,ukaLarukE,kaLarukE,kaLarukE,kaLarukE,RukaLarukE,kaLarukE,kaLarukE,kkaLarukE,zkaLarukE,kkaLarukE,kaLarukE
 ,ukaLinarukE,kaLinarukE,dkaLinarukE,kaLinarukE,kaLinarukE,RkaLinarukE,RkaLinarukE,kaLinarukE,rkaLinarukE,ukaLinarukE,ngkaLinarukE,kaLinarukE,ukaLinarukE,kaLinarukE,kaLinarukE,kaLinarukE,RukaLinarukE,kaLinarukE,kaLinarukE,kkaLinarukE,zkaLinarukE,kkaLinarukE,kaLinarukE
 ,ukaLinarukil,kaLinarukil,dkaLinarukil,kaLinarukil,kaLinarukil,RkaLinarukil,RkaLinarukil,kaLinarukil,rkaLinarukil,ukaLinarukil,ngkaLinarukil,kaLinarukil,ukaLinarukil,kaLinarukil,kaLinarukil,kaLinarukil,RukaLinarukil,kaLinarukil,kaLinarukil,kkaLinarukil,zkaLinarukil,kkaLinarukil,kaLinarukil
 ,ukaLkidda,kaLkidda,dkaLkidda,kaLkidda,kaLkidda,RkaLkidda,RkaLkidda,kaLkidda,rkaLkidda,ukaLkidda,ngkaLkidda,kaLkidda,ukaLkidda,kaLkidda,kaLkidda,kaLkidda,RukaLkidda,kaLkidda,kaLkidda,kkaLkidda,zkaLkidda,kaLkidda,kaLkidda
 ,ukaLinmEl,kaLinmEl,dkaLinmEl,kaLinmEl,kaLinmEl,RkaLinmEl,RkaLinmEl,kaLinmEl,rkaLinmEl,ukaLinmEl,ngkaLinmEl,kaLinmEl,ukaLinmEl,kaLinmEl,kaLinmEl,kaLinmEl,RukaLinmEl,kaLinmEl,kaLinmEl,kkaLinmEl,zkaLinmEl,kkaLinmEl,kaLinmEl
 ,ukaLinmElE,kaLinmElE,dkaLinmElE,kaLinmElE,kaLinmElE,RkaLinmElE,RkaLinmElE,kaLinmElE,rkaLinmElE,ukaLinmElE,ngkaLinmElE,kaLinmElE,ukaLinmElE,kaLinmElE,kaLinmElE,kaLinmElE,RukaLinmElE,kaLinmElE,kaLinmElE,kkaLinmElE,zkaLinmElE,kkaLinmElE,kaLinmElE
 ,ukaLinkIz,kaLinkIz,dkaLinkIz,kaLinkIz,kaLinkIz,RkaLinkIz,RkaLinkIz,kaLinkIz,rkaLinkIz,ukaLinkIz,ngkaLinkIz,kaLinkIz,ukaLinkIz,kaLinkIz,kaLinkIz,kaLinkIz,RukaLinkIz,kaLinkIz,kaLinkIz,kkaLinkIz,zkaLinkIz,kkaLinkIz,kaLinkIz
 ,ukaLinkIzE,kaLinkIzE,dkaLinkIzE,kaLinkIzE,kaLinkIzE,RkaLinkIzE,RkaLinkIzE,kaLinkIzE,rkaLinkIzE,ukaLinkIzE,ngkaLinkIzE,dukaLinkIzE,ukaLinkIzE,kaLinkIzE,kaLinkIzE,kaLinkIzE,RukaLinkIzE,kaLinkIzE,kaLinkIzE,kkaLinkIzE,zkaLinkIzE,kkaLinkIzE,kaLinkIzE
 ,ukaLaippaRRi,kaLaippaRRi,dkaLaippaRRi,kaLaippaRRi,kaLaippaRRi,RkaLaippaRRi,RkaLaippaRRi,kaLaippaRRi,rkaLaippaRRi,ukaLaippaRRi,ngkaLaippaRRi,kaLaippaRRi,ukaLaippaRRi,kaLaippaRRi,kaLaippaRRi,kaLaippaRRi,RukaLaippaRRi,kaLaippaRRi,kaLaippaRRi,kkaLaippaRRi,zkaLaippaRRi,kkaLaippaRRi,kaLaippaRRi
 ,ukaLaikkuRiththu,kaLaikkuRiththu,dkaLaikkuRiththu,kaLaikkuRiththu,kaLaikkuRiththu,RkaLaikkuRiththu,RkaLaikkuRiththu,kaLaikkuRiththu,rkaLaikkuRiththu,ukaLaikkuRiththu,ngkaLaikkuRiththu,kaLaikkuRiththu,ukaLaikkuRiththu,kaLaikkuRiththu,kaLaikkuRiththu,kaLaikkuRiththu,RukaLaikkuRiththu,kaLaikkuRiththu,kaLaikkuRiththu,kkaLaikkuRiththu,zkaLaikkuRiththu,kkaLaikkuRiththu,kaLaikkuRiththu
 ,ukaLaippArththu,kaLaippArththu,dkaLaippArththu,kaLaippArththu,kaLaippArththu,RkaLaippArththu,RkaLaippArththu,kaLaippArththu,rkaLaippArththu,ukaLaippArththu,ngkaLaippArththu,kaLaippArththu,ukaLaippArththu,kaLaippArththu,kaLaippArththu,kaLaippArththu,RukaLaippArththu,kaLaippArththu,dukaLaippArththu,kkaLaippArththu,zkaLaippArththu,kkaLaippArththu,kaLaippArththu
 ,ukaLaiwOkki,kaLaiwOkki,dkaLaiwOkki,kaLaiwOkki,kaLaiwOkki,RkaLaiwOkki,RkaLaiwOkki,kaLaiwOkki,rkaLaiwOkki,ukaLaiwOkki,ngkaLaiwOkki,kaLaiwOkki,ukaLaiwOkki,kaLaiwOkki,kaLaiwOkki,kaLaiwOkki,RukaLaiwOkki,kaLaiwOkki,kaLaiwOkki,kkaLaiwOkki,zkaLaiwOkki,kkaLaiwOkki,kaLaiwOkki
 ,ukaLaissuRRi,kaLaissuRRi,dkaLaissuRRi,kaLaissuRRi,kaLaissuRRi,RkaLaissuRRi,RkaLaissuRRi,kaLaissuRRi,rkaLaissuRRi,ukaLaissuRRi,ngkaLaissuRRi,kaLaissuRRi,ukaLaissuRRi,kaLaissuRRi,kaLaissuRRi,kaLaissuRRi,RukaLaissuRRi,kaLaissuRRi,kaLaissuRRi,kkaLaissuRRi,zkaLaissuRRi,kkaLaissuRRi,kaLaissuRRi
 ,ukaLaiththANdi,kaLaiththANdi,dkaLaiththANdi,kaLaiththANdi,kaLaiththANdi,RkaLaiththANdi,RkaLaiththANdi,kaLaiththANdi,rkaLaiththANdi,ukaLaiththANdi,ngkaLaiththANdi,kaLaiththANdi,ukaLaiththANdi,kaLaiththANdi,kaLaiththANdi,kaLaiththANdi,RukaLaiththANdi,kaLaiththANdi,kaLaiththANdi,kkaLaiththANdi,zkaLaiththANdi,kkaLaiththANdi,kaLaiththANdi
 ,ukaLaiththavirththu,kaLaiththavirththu,dkaLaiththavirththu,kaLaiththavirththu,kaLaiththavirththu,RkaLaiththavirththu,RkaLaiththavirththu,kaLaiththavirththu,rkaLaiththavirththu,ukaLaiththavirththu,ngkaLaiththavirththu,kaLaiththavirththu,ukaLaiththavirththu,kaLaiththavirththu,kaLaiththavirththu,kaLaiththavirththu,RukaLaiththavirththu,kaLaiththavirththu,kaLaiththavirththu,kkaLaiththavirththu,zkaLaiththavirththu,kkaLaiththavirththu,kaLaiththavirththu
 ,ukaLaiththavira,kaLaiththavira,dkaLaiththavira,kaLaiththavira,kaLaiththavira,RkaLaiththavira,RkaLaiththavira,kaLaiththavira,rkaLaiththavira,ukaLaiththavira,ngkaLaiththavira,kaLaiththavira,ukaLaiththavira,kaLaiththavira,kaLaiththavira,kaLaiththavira,RukaLaiththavira,kaLaiththavira,kaLaiththavira,kkaLaiththavira,zkaLaiththavira,kkaLaiththavira,kaLaiththavira
 ,ukaLaiyoziya,kaLaiyoziya,dkaLaiyoziya,kaLaiyoziya,kaLaiyoziya,RkaLaiyoziya,RkaLaiyoziya,kaLaiyoziya,rkaLaiyoziya,ukaLaiyoziya,ngkaLaiyoziya,kaLaiyoziya,ukaLaiyoziya,kaLaiyoziya,kaLaiyoziya,kaLaiyoziya,RukaLaiyoziya,kaLaiyoziya,kaLaiyoziya,kkaLaiyoziya,zkaLaiyoziya,kkaLaiyoziya,kaLaiyoziya
 ,ukaLaiyoddi,kaLaiyoddi,dkaLaiyoddi,kaLaiyoddi,kaLaiyoddi,RkaLaiyoddi,RkaLaiyoddi,kaLaiyoddi,rkaLaiyoddi,ukaLaiyoddi,ngkaLaiyoddi,kaLaiyoddi,ukaLaiyoddi,kaLaiyoddi,kaLaiyoddi,kaLaiyoddi,RukaLaiyoddi,kaLaiyoddi,kaLaiyoddi,kkaLaiyoddi,zkaLaiyoddi,kkaLaiyoddi,kaLaiyoddi
 ,ukaLaikkoNdu,kaLaikkoNdu,dkaLaikkoNdu,kaLaikkoNdu,kaLaikkoNdu,RkaLaikkoNdu,RkaLaikkoNdu,kaLaikkoNdu,rkaLaikkoNdu,ukaLaikkoNdu,ngkaLaikkoNdu,kaLaikkoNdu,ukaLaikkoNdu,kaLaikkoNdu,kaLaikkoNdu,kaLaikkoNdu,RukaLaikkoNdu,kaLaikkoNdu,kaLaikkoNdu,kkaLaikkoNdu,zkaLaikkoNdu,kkaLaikkoNdu,kaLaikkoNdu
 ,ukaLaivaiththu,kaLaivaiththu,dkaLaivaiththu,kaLaivaiththu,kaLaivaiththu,RkaLaivaiththu,RkaLaivaiththu,kaLaivaiththu,rkaLaivaiththu,ukaLaivaiththu,ngkaLaivaiththu,Laivaiththu,ukaLaivaiththu,kaLaivaiththu,kaLaivaiththu,kaLaivaiththu,RukaLaivaiththu,kaLaivaiththu,kaLaivaiththu,kkaLaivaiththu,zkaLaivaiththu,kkaLaivaiththu,kaLaivaiththu
 ,ukaLaividdu,kaLaividdu,dkaLaividdu,kaLaividdu,kaLaividdu,RkaLaividdu,RkaLaividdu,kaLaividdu,rkaLaividdu,ukaLaividdu,ngkaLaividdu,kaLaividdu,ukaLaividdu,kaLaividdu,kaLaividdu,kaLaividdu,RukaLaividdu,kaLaividdu,kaLaividdu,kkaLaividdu,zkaLaividdu,kkaLaividdu,kaLaividdu
 ,ukaLaippOl,kaLaippOl,dkaLaippOl,kaLaippOl,kaLaippOl,RkaLaippOl,RkaLaippOl,kaLaippOl,rkaLaippOl,ukaLaippOl,ngkaLaippOl,kaLaippOl,ukaLaippOl,kaLaippOl,kaLaippOl,kaLaippOl,RukaLaippOl,kaLaippOl,kaLaippOl,kkaLaippOl,zkaLaippOl,kkaLaippOl,kaLaippOl
 ,ukaLaippOla,kaLaippOla,dkaLaippOla,kaLaippOla,kaLaippOla,RkaLaippOla,RkaLaippOla,kaLaippOla,rkaLaippOla,ukaLaippOla,ngkaLaippOla,kaLaippOla,ukaLaippOla,kaLaippOla,kaLaippOla,kaLaippOla,RukaLaippOla,kaLaippOla,kaLaippOla,kkaLaippOla,zkaLaippOla,kkaLaippOla,kaLaippOla
 ,ukaLaimAthiri,kaLaimAthiri,dkaLaimAthiri,kaLaimAthiri,kaLaimAthiri,RkaLaimAthiri,RkaLaimAthiri,kaLaimAthiri,rkaLaimAthiri,ukaLaimAthiri,ngkaLaimAthiri,kaLaimAthiri,ukaLaimAthiri,kaLaimAthiri,kaLaimAthiri,kaLaimAthiri,RukaLaimAthiri,kaLaimAthiri,kaLaimAthiri,kkaLaimAthiri,zkaLaimAthiri,kkaLaimAthiri,kaLaimAthiri
 ,ukaLaivida,kaLaivida,dkaLaivida,kaLaivida,kaLaivida,RkaLaivida,RkaLaivida,kaLaivida,rkaLaivida,ukaLaivida,ngkaLaivida,kaLaivida,ukaLaivida,kaLaivida,kaLaivida,kaLaivida,RukaLaivida,kaLaivida,kaLaivida,kkaLaivida,zkaLaivida,kkaLaivida,kaLaivida
 ,ukaLukkuppathilAka,kaLukkuppathilAka,dkaLukkuppathilAka,kaLukkuppathilAka,kaLukkuppathilAka,RkaLukkuppathilAka,RkaLukkuppathilAka,kaLukkuppathilAka,rkaLukkuppathilAka,ukaLukkuppathilAka,ngkaLukkuppathilAka,kaLukkuppathilAka,ukaLukkuppathilAka,kaLukkuppathilAka,kaLukkuppathilAka,kaLukkuppathilAka,RukaLukkuppathilAka,kaLukkuppathilAka,kaLukkuppathilAka,kkaLukkuppathilAka,zkaLukkuppathilAka,kkaLukkuppathilAka,kaLukkuppathilAka
 ,ukaLukkAka,kaLukkAka,dkaLukkAka,kaLukkAka,kaLukkAka,RkaLukkAka,RkaLukkAka,kaLukkAka,rkaLukkAka,ukaLukkAka,ngkaLukkAka,kaLukkAka,ukaLukkAka,kaLukkAka,kaLukkAka,kaLukkAka,RukaLukkAka,kaLukkAka,kaLukkAka,kkaLukkAka,zkaLukkAka,kkaLukkAka,kaLukkAka
 ,ukaLukkuppiRaku,kaLukkuppiRaku,dkaLukkuppiRaku,kaLukkuppiRaku,kaLukkuppiRaku,RkaLukkuppiRaku,RkaLukkuppiRaku,kaLukkuppiRaku,rkaLukkuppiRaku,ukaLukkuppiRaku,ngkaLukkuppiRaku,kaLukkuppiRaku,ukaLukkuppiRaku,kaLukkuppiRaku,kaLukkuppiRaku,kaLukkuppiRaku,RukaLukkuppiRaku,kaLukkuppiRaku,kaLukkuppiRaku,kkaLukkuppiRaku,zkaLukkuppiRaku,kkaLukkuppiRaku,kaLukkuppiRaku
 ,ukaLukkappuRam,kaLukkappuRam,dkaLukkappuRam,kaLukkappuRam,kaLukkappuRam,RkaLukkappuRam,RkaLukkappuRam,kaLukkappuRam,rkaLukkappuRam,ukaLukkappuRam,ngkaLukkappuRam,dukaLukkappuRam,ukaLukkappuRam,kaLukkappuRam,kaLukkappuRam,kaLukkappuRam,RukaLukkappuRam,kaLukkappuRam,kaLukkappuRam,kkaLukkappuRam,zkaLukkappuRam,kkaLukkappuRam,kaLukkappuRam
 ,ukaLukkappAl,kaLukkappAl,dkaLukkappAl,ikaLukkappAl,kaLukkappAl,RkaLukkappAl,RkaLukkappAl,kaLukkappAl,rkaLukkappAl,ukaLukkappAl,ngkaLukkappAl,kaLukkappAl,ukaLukkappAl,kaLukkappAl,kaLukkappAl,kaLukkappAl,RukaLukkappAl,kaLukkappAl,kaLukkappAl,kkaLukkappAl,zkaLukkappAl,kkaLukkappAl,kaLukkappAl
 ,ukaLukkumEl,kaLukkumEl,dkaLukkumEl,ikaLukkumEl,kaLukkumEl,RkaLukkumEl,RkaLukkumEl,kaLukkumEl,rkaLukkumEl,ukaLukkumEl,ngkaLukkumEl,kaLukkumEl,ukaLukkumEl,kaLukkumEl,kaLukkumEl,kaLukkumEl,RukaLukkumEl,kaLukkumEl,kaLukkumEl,kkaLukkumEl,zkaLukkumEl,kkaLukkumEl,kaLukkumEl
 ,ukaLukkumElE,kaLukkumElE,dkaLukkumElE,ikaLukkumElE,kaLukkumElE,RkaLukkumElE,RkaLukkumElE,kaLukkumElE,rkaLukkumElE,ukaLukkumElE,ngkaLukkumElE,kaLukkumElE,ukaLukkumElE,kaLukkumElE,kaLukkumElE,kaLukkumElE,RukaLukkumElE,kaLukkumElE,kaLukkumElE,kkaLukkumElE,zkaLukkumElE,kkaLukkumElE,kaLukkumElE
 ,ukaLukkukIz,kaLukkukIz,dkaLukkukIz,ikaLukkukIz,kaLukkungkIz,RkaLukkungkIz,RkaLukkungkIz,kaLukkungkIz,rkaLukkungkIz,ukaLukkungkIz,ngkaLukkungkIz,kaLukkungkIz,ukaLukkungkIz,kaLukkungkIz,kaLukkungkIz,kaLukkungkIz,RukaLukkungkIz,kaLukkungkIz,kaLukkungkIz,kkaLukkungkIz,zkaLukkungkIz,kkaLukkungkIz,kaLukkungkIz
 ,ukaLukkukIzE,kaLukkukIzE,dkaLukkukIzE,ikaLukkukIzE,kaLukkungkIzE,RkaLukkungkIzE,RkaLukkungkIzE,kaLukkungkIzE,rkaLukkungkIzE,ukaLukkungkIzE,ngkaLukkungkIzE,kaLukkungkIzE,ukaLukkungkIzE,kaLukkungkIzE,kaLukkungkIzE,kaLukkungkIzE,RukaLukkungkIzE,kaLukkungkIzE,kaLukkungkIzE,kkaLukkungkIzE,zkaLukkungkIzE,kkaLukkungkIzE,kaLukkungkIzE
 ,ukaLinuLLE,kaLinuLLE,dkaLinuLLE,ikaLinuLLE,kaLinuLLE,RkaLinuLLE,RkaLinuLLE,kaLinuLLE,rkaLinuLLE,ukaLinuLLE,ngkaLinuLLE,kaLinuLLE,ukaLinuLLE,kaLinuLLE,kaLinuLLE,kaLinuLLE,RukaLinuLLE,kaLinuLLE,kaLinuLLE,kkaLinuLLE,zkaLinuLLE,kkaLinuLLE,kaLinuLLE
 ,ukaLukkuLLE,kaLukkuLLE,dkaLukkuLLE,ikaLukkuLLE,kaLukkuLLE,RkaLukkuLLE,RkaLukkuLLE,kaLukkuLLE,rkaLukkuLLE,ukaLukkuLLE,ngkaLukkuLLE,kaLukkuLLE,ukaLukkuLLE,kaLukkuLLE,kaLukkuLLE,kaLukkuLLE,RukaLukkuLLE,kaLukkuLLE,kaLukkuLLE,kkaLukkuLLE,zkaLukkuLLE,kkaLukkuLLE,kaLukkuLLE
 ,ukaLukkuveLiyE,kaLukkuveLiyE,dkaLukkuveLiyE,ikaLukkuveLiyE,kaLukkuveLiyE,RkaLukkuveLiyE,RkaLukkuveLiyE,kaLukkuveLiyE,rkaLukkuveLiyE,ukaLukkuveLiyE,ngkaLukkuveLiyE,kaLukkuveLiyE,ukaLukkuveLiyE,kaLukkuveLiyE,kaLukkuveLiyE,kaLukkuveLiyE,RukaLukkuveLiyE,kaLukkuveLiyE,kaLukkuveLiyE,kkaLukkuveLiyE,zkaLukkuveLiyE,kkaLukkuveLiyE,kaLukkuveLiyE
 ,ukaLukkuveLiyil,kaLukkuveLiyil,dkaLukkuveLiyil,ikaLukkuveLiyil,kaLukkuveLiyil,RkaLukkuveLiyil,RkaLukkuveLiyil,kaLukkuveLiyil,rkaLukkuveLiyil,ukaLukkuveLiyil,ngkaLukkuveLiyil,kaLukkuveLiyil,ukaLukkuveLiyil,kaLukkuveLiyil,kaLukkuveLiyil,kaLukkuveLiyil,RukaLukkuveLiyil,kaLukkuveLiyil,kaLukkuveLiyil,kkaLukkuveLiyil,zkaLukkuveLiyil,kkaLukkuveLiyil,kaLukkuveLiyil
 ,ukaLukkadiyil,kaLukkadiyil,dkaLukkadiyil,ikaLukkadiyil,kaLukkadiyil,RkaLukkadiyil,RkaLukkadiyil,kaLukkadiyil,rkaLukkadiyil,ukaLukkadiyil,ngkaLukkadiyil,kaLukkadiyil,ukaLukkadiyil,kaLukkadiyil,kaLukkadiyil,kaLukkadiyil,RukaLukkadiyil,kaLukkadiyil,kaLukkadiyil,kkaLukkadiyil,zkaLukkadiyil,kkaLukkadiyil,kaLukkadiyil
 ,ukaLukkarukil,kaLukkarukil,dkaLukkarukil,ikaLukkarukil,kaLukkarukil,RkaLukkarukil,RkaLukkarukil,kaLukkarukil,rkaLukkarukil,ukaLukkarukil,ngkaLukkarukil,kaLukkarukil,ukaLukkarukil,kaLukkarukil,kaLukkarukil,kaLukkarukil,RukaLukkarukil,kaLukkarukil,kaLukkarukil,kkaLukkarukil,zkaLukkarukil,kkaLukkarukil,kaLukkarukil
 ,ukaLukkumun,kaLukkumun,dkaLukkumun,ikaLukkumun,kaLukkumun,RkaLukkumun,RkaLukkumun,kaLukkumun,rkaLukkumun,ukaLukkumun,ngkaLukkumun,kaLukkumun,ukaLukkumun,kaLukkumun,kaLukkumun,kaLukkumun,RukaLukkumun,kaLukkumun,kaLukkumun,kkaLukkumun,zkaLukkumun,kkaLukkumun,kaLukkumun
 ,ukaLukkumunnAl,kaLukkumunnAl,dkaLukkumunnAl,ikaLukkumunnAl,kaLukkumunnAl,RkaLukkumunnAl,RkaLukkumunnAl,kaLukkumunnAl,rkaLukkumunnAl,ukaLukkumunnAl,ngkaLukkumunnAl,kaLukkumunnAl,ukaLukkumunnAl,kaLukkumunnAl,kaLukkumunnAl,kaLukkumunnAl,RukaLukkumunnAl,kaLukkumunnAl,kaLukkumunnAl,kkaLukkumunnAl,zkaLukkumunnAl,kkaLukkumunnAl,kaLukkumunnAl
 ,ukaLukkuppinnAl,kaLukkuppinnAl,dkaLukkuppinnAl,ikaLukkuppinnAl,kaLukkuppinnAl,RkaLukkuppinnAl,RkaLukkuppinnAl,kaLukkuppinnAl,rkaLukkuppinnAl,ukaLukkuppinnAl,ngkaLukkuppinnAl,kaLukkuppinnAl,ukaLukkuppinnAl,kaLukkuppinnAl,kaLukkuppinnAl,kaLukkuppinnAl,RukaLukkuppinnAl,kaLukkuppinnAl,kaLukkuppinnAl,kkaLukkuppinnAl,zkaLukkuppinnAl,kkaLukkuppinnAl,kaLukkuppinnAl
 ,ukaLukkuppinpu,kaLukkuppinpu,dkaLukkuppinpu,ikaLukkuppinpu,kaLukkuppinpu,RkaLukkuppinpu,RkaLukkuppinpu,kaLukkuppinpu,rkaLukkuppinpu,ukaLukkuppinpu,ngkaLukkuppinpu,kaLukkuppinpu,ukaLukkuppinpu,kaLukkuppinpu,kaLukkuppinpu,kaLukkuppinpu,RukaLukkuppinpu,kaLukkuppinpu,kaLukkuppinpu,kkaLukkuppinpu,zkaLukkuppinpu,kkaLukkuppinpu,kaLukkuppinpu
 ,ukaLukkuppiwthi,kaLukkupiwthi,dkaLukkupiwthi,ikaLukkupiwthi,kaLukkuppiwthi,RkaLukkuppiwthi,RkaLukkuppiwthi,kaLukkuppiwthi,rkaLukkuppiwthi,ukaLukkuppiwthi,ngkaLukkuppiwthi,kaLukkuppiwthi,ukaLukkuppiwthi,kaLukkupiwthi,kaLukkupiwthi,kaLukkupiwthi,RukaLukkupiwthi,kaLukkupiwthi,kaLukkuppiwthi,kkaLukkuppiwthi,zkaLukkuppiwthi,kkaLukkuppiwthi,kaLukkuppiwthi
 ,ukaLukkukkuRukkE,kaLukkukkuRukkE,dkaLukkukkuRukkE,ikaLukkukkuRukkE,kaLukkukkuRukkE,RkaLukkukkuRukkE,RkaLukkukkuRukkE,kaLukkukkuRukkE,rkaLukkukkuRukkE,ukaLukkukkuRukkE,ngkaLukkukkuRukkE,kaLukkukkuRukkE,ukaLukkukkuRukkE,kaLukkukkuRukkE,kaLukkukkuRukkE,kaLukkukkuRukkE,RukaLukkukkuRukkE,kaLukkukkuRukkE,kaLukkukkuRukkE,kkaLukkukkuRukkE,zkaLukkukkuRukkE,kkaLukkukkuRukkE,kaLukkukkuRukkE
 ,ukaLukkuL,kaLukkuL,dkaLukkuL,ikaLukkuL,kaLukkuL,RkaLukkuL,RkaLukkuL,kaLukkuL,rkaLukkuL,ukaLukkuL,ngkaLukkuL,kaLukkuL,ukaLukkuL,kaLukkuL,kaLukkuL,kaLukkuL,RukaLukkuL,kaLukkuL,kaLukkuL,kkaLukkuL,zkaLukkuL,kkaLukkuL,kaLukkuL
 ,ukaLukkethirE,kaLukkethirE,dkaLukkethirE,ikaLukkethirE,kaLukkethirE,RkaLukkethirE,RkaLukkethirE,kaLukkethirE,rkaLukkethirE,ukaLukkethirE,ngkaLukkethirE,kaLukkethirE,ukaLukkethirE,kaLukkethirE,kaLukkethirE,kaLukkethirE,RukaLukkethirE,kaLukkethirE,kaLukkethirE,kkaLukkethirE,zkaLukkethirE,kkaLukkethirE,kaLukkethirE
 ,ukaLukkethirkku,kaLukkethirkku,dkaLukkethirkku,ikaLukkethirkku,kaLukkethirkku,RkaLukkethirkku,RkaLukkethirkku,kaLukkethirkku,rkaLukkethirkku,ukaLukkethirkku,ngkaLukkethirkku,kaLukkethirkku,ukaLukkethirkku,kaLukkethirkku,kaLukkethirkku,kaLukkethirkku,RukaLukkethirkku,kaLukkethirkku,kaLukkethirkku,kkaLukkethirkku,zkaLukkethirkku,kkaLukkethirkku,kaLukkethirkku
 ,ukaLukkethiril,kaLukkethiril,dkaLukkethiril,ikaLukkethiril,kaLukkethiril,RkaLukkethiril,RkaLukkethiril,kaLukkethiril,rkaLukkethiril,ukaLukkethiril,ngkaLukkethiril,kaLukkethiril,ukaLukkethiril,kaLukkethiril,kaLukkethiril,kaLukkethiril,RukaLukkethiril,kaLukkethiril,kaLukkethiril,kkaLukkethiril,zkaLukkethiril,kkaLukkethiril,kaLukkethiril
 ,ukaLukkethirththARpOl,kaLukkethirththARpOl,dkaLukkethirththARpOl,ikaLukkethirththARpOl,kaLukkethirththARpOl,RkaLukkethirththARpOl,RkaLukkethirththARpOl,kaLukkethirththARpOl,rkaLukkethirththARpOl,ukaLukkethirththARpOl,ngkaLukkethirththARpOl,kaLukkethirththARpOl,ukaLukkethirththARpOl,kaLukkethirththARpOl,kaLukkethirththARpOl,kaLukkethirththARpOl,RukaLukkethirththARpOl,kaLukkethirththARpOl,kaLukkethirththARpOl,kkaLukkethirththARpOl,zkaLukkethirththARpOl,kkaLukkethirththARpOl,kaLukkethirththARpOl
 ,ukaLukkidaiyil,kaLukkidaiyil,dkaLukkidaiyil,ikaLukkidaiyil,kaLukkidaiyil,RkaLukkidaiyil,RkaLukkidaiyil,kaLukkidaiyil,rkaLukkidaiyil,ukaLukkidaiyil,ngkaLukkidaiyil,kaLukkidaiyil,ukaLukkidaiyil,kaLukkidaiyil,kaLukkidaiyil,kaLukkidaiyil,RukaLukkidaiyil,kaLukkidaiyil,kaLukkidaiyil,kkaLukkidaiyil,zkaLukkidaiyil,kkaLukkidaiyil,kaLukkidaiyil
 ,ukaLukkuwaduvil,kaLukkuwaduvil,dkaLukkuwaduvil,ikaLukkuwaduvil,kaLukkuwaduvil,RkaLukkuwaduvil,RkaLukkuwaduvil,kaLukkuwaduvil,rkaLukkuwaduvil,ukaLukkuwaduvil,ngkaLukkuwaduvil,kaLukkuwaduvil,ukaLukkuwaduvil,kaLukkuwaduvil,kaLukkuwaduvil,kaLukkuwaduvil,RukaLukkuwaduvil,kaLukkuwaduvil,kaLukkuwaduvil,kkaLukkuwaduvil,zkaLukkuwaduvil,kkaLukkuwaduvil,kaLukkuwaduvil
 ,ukaLukkaduththARpOl ,kaLukkaduththArpOl,dkaLukkaduththArpOl,ikaLukkaduththArpOl ,kaLukkaduththArpOl ,RkaLukkaduththArpOl ,RkaLukkaduththArpOl ,kaLukkaduththArpOl ,rkaLukkaduththARpOl ,ukaLukkaduththArpOl ,ngkaLukkaduththARpOl ,kaLukkaduththArpOl ,ukaLukkaduththArpOl ,kaLukkaduththArpOl ,kaLukkaduththArpOl ,kaLukkaduththArpOl ,RukaLukkaduththArpOl ,kaLukkaduththArpOl ,kaLukkaduththArpOl ,kkaLukkaduththArpOl ,zkaLukkaduththArpOl ,kkaLukkaduththArpOl,kaLukkaduththArpOl
 ,ukaLukkethirkkE,kaLukkethirkkE,dkaLukkethirkkE,ikaLukkethirkkE,kaLukkethirkkE,RkaLukkethirkkE,RkaLukkethirkkE,kaLukkethirkkE,rkaLukkethirkkE,ukaLukkethirkkE,ngkaLukkethirkkE,kaLukkethirkkE,ukaLukkethirkkE,kaLukkethirkkE,kaLukkethirkkE,kaLukkethirkkE,RukaLukkethirkkE,kaLukkethirkkE,kaLukkethirkkE,kkaLukkethirkkE,zkaLukkethirkkE,kkaLukkethirkkE,kaLukkethirkkE
 ,ukaLinpin,kaLinpin,dkaLinpin,ikaLinpin,kaLinpin,RkaLinpin,RkaLinpin,kaLinpin,rkaLinpin,ukaLinpin,ngkaLinpin,kaLinpin,ukaLinpin,kaLinpin,kaLinpin,kaLinpin,RukaLinpin,kaLinpin,kaLinpin,kkaLinpin,zkaLinpin,kkaLinpin,kaLinpin
 ,ukaLinpinnAl ,kaLinpinnAl,dkaLinpinnAl,ikaLinpinnAl ,kaLinpinnAl ,RkaLinpinnAl ,RkaLinpinnAl ,kaLinpinnAl ,rkaLinpinnAl ,ukaLinpinnAl ,ngkaLinpinnAl ,kaLinpinnAl ,ukaLinpinnAl ,kaLinpinnAl ,kaLinpinnAl ,kaLinpinnAl ,RukaLinpinnAl ,kaLinpinnAl ,kaLinpinnAl ,kkaLinpinnAl ,zkaLinpinnAl ,kkaLinpinnAl,kaLinpinnAl
 ,ukaLinpinnE ,kaLinpinnE,dkaLinpinnE,ikaLinpinnE ,kaLinpinnE ,RkaLinpinnE ,RkaLinpinnE ,kaLinpinnE ,rkaLinpinnE ,ukaLinpinnE ,ngkaLinpinnE ,kaLinpinnE,ukaLinpinnE,kaLinpinnE ,kaLinpinnE ,kaLinpinnE ,RukaLinpinnE ,kaLinpinnE ,kaLinpinnE ,kkaLinpinnE ,zkaLinpinnE ,kkaLinpinnE,kaLinpinnE
 ,ukaLukkuppiRakiruwthu,kaLukkuppiRakiruwthu,dkaLukkuppiRakiruwthu,kaLukkuppiRakiruwthu,kaLukkuppiRakiruwthu,RkaLukkuppiRakiruwthu,RkaLukkuppiRakiruwthu,kaLukkuppiRakiruwthu,rkaLukkuppiRakiruwthu,ukaLukkuppiRakiruwthu,ngkaLukkuppiRakiruwthu,kaLukkuppiRakiruwthu,ukaLukkuppiRakiruwthu,kaLukkuppiRakiruwthu,kaLukkuppiRakiruwthu,kaLukkuppiRakiruwthu,RukaLukkuppiRakiruwthu,kaLukkuppiRakiruwthu,kaLukkuppiRakiruwthu,kkaLukkuppiRakiruwthu,zkaLukkuppiRakiruwthu,kkaLukkuppiRakiruwthu,kaLukkuppiRakiruwthu
 ,ukaLukkappuRamiruwthu,kaLukkappuRamiruwthu,dkaLukkappuRamiruwthu,kaLukkappuRamiruwthu,kaLukkappuRamiruwthu,RkaLukkappuRamiruwthu,RkaLukkappuRamiruwthu,kaLukkappuRamiruwthu,rkaLukkappuRamiruwthu,ukaLukkappuRamiruwthu,ngkaLukkappuRamiruwthu,kaLukkappuRamiruwthu,ukaLukkappuRamiruwthu,kaLukkappuRamiruwthu,kaLukkappuRamiruwthu,kaLukkappuRamiruwthu,RukaLukkappuRamiruwthu,kaLukkappuRamiruwthu,kaLukkappuRamiruwthu,kkaLukkappuRamiruwthu,zkaLukkappuRamiruwthu,kkaLukkappuRamiruwthu,kaLukkappuRamiruwthu
 ,ukaLukkappAliruwthu,kaLukkappAliruwthu,dkaLukkappAliruwthu,kaLukkappAliruwthu,kaLukkappAliruwthu,RkaLukkappAliruwthu,RkaLukkappAliruwthu,kaLukkappAliruwthu,rkaLukkappAliruwthu,ukaLukkappAliruwthu,ngkaLukkappAliruwthu,kaLukkappAliruwthu,ukaLukkappAliruwthu,kaLukkappAliruwthu,kaLukkappAliruwthu,kaLukkappAliruwthu,RukaLukkappAliruwthu,kaLukkappAliruwthu,kaLukkappAliruwthu,kkaLukkappAliruwthu,zkaLukkappAliruwthu,kkaLukkappAliruwthu,kaLukkappAliruwthu
 ,ukaLukkuvadakkiruwthu,kaLukkuvadakkiruwthu,dkaLukkuvadakkiruwthu,kaLukkuvadakkiruwthu,kaLukkuvadakkiruwthu,RkaLukkuvadakkiruwthu,RkaLukkuvadakkiruwthu,kaLukkuvadakkiliruwthu,rkaLukkuvadakkiruwthu,ukaLukkuvadakkiruwthu,ngkaLukkuvadakkiruwthu,kaLukkuvadakkiruwthu,ukaLukkuvadakkiruwthu,kaLukkuvadakkiruwthu,kaLukkuvadakkiruwthu,kaLukkuvadakkiruwthu,RukaLukkuvadakkiruwthu,kaLukkuvadakkiruwthu,kaLukkuvadakkiruwthu,kkaLukkuvadakkiruwthu,zkaLukkuvadakkiruwthu,kkaLukkuvadakkiruwthu,kaLukkuvadakkiruwthu
 ,ukaLukkukizakkiruwthu,kaLukkukizakkiruwthu,dkaLukkukizakkiruwthu,kaLukkukizakkiruwthu,kaLukkukizakkiruwthu,RkaLukkukizakkiruwthu,RkaLukkukizakkiruwthu,kaLukkukizakkiliruwthu,rkaLukkukkizakkiruwthu,ukaLukkukkizakkiruwthu,ngkaLukkukkizakkiruwthu,kaLukkukkizakkiruwthu,ukaLukkukkizakkiruwthu,kaLukkukizakkiruwthu,kaLukkukizakkiruwthu,kaLukkukizakkiruwthu,RukaLukkukizakkiruwthu,kaLukkukizakkiruwthu,kaLukkukkizakkiruwthu,kkaLukkukkizakkiruwthu,zkaLukkukkizakkiruwthu,kkaLukkukizakkiruwthu,kaLukkukkizakkiruwthu
 ,ukaLukkuththeRkiruwthu,kaLukkuththeRkiruwthu,dkaLukkuththeRkiruwthu,kaLukkuththeRkiruwthu,kaLukkuththeRkiruwthu,RkaLukkuththeRkiruwthu,RkaLukkuththeRkiruwthu,kaLukkuththeRkiliruwthu,rkaLukkuththeRkiruwthu,ukaLukkuththeRkiruwthu,ngkaLukkuththeRkiruwthu,kaLukkuththeRkiruwthu,ukaLukkuththeRkiruwthu,kaLukkuththeRkiruwthu,kaLukkuththeRkiruwthu,kaLukkuththeRkiruwthu,RukaLukkuththeRkiruwthu,kaLukkuththeRkiruwthu,kaLukkuththeRkiruwthu,kkaLukkuththeRkiruwthu,zkaLukkuththeRkiruwthu,kkaLukkuththeRkiruwthu,kaLukkuththeRkiruwthu
 ,ukaLukkumERkiliruwthu,kaLukkumERkiliruwthu,dkaLukkumERkiliruwthu,kaLukkumERkiliruwthu,kaLukkumERkiliruwthu,RkaLukkumERkiliruwthu,RkaLukkumERkiliruwthu,kaLukkumERkiliruwthu,rkaLukkumERkiliruwthu,ukaLukkumERkiliruwthu,ngkaLukkumERkiliruwthu,kaLukkumERkiliruwthu,ukaLukkumERkiliruwthu,kaLukkumERkiliruwthu,kaLukkumERkiliruwthu,kaLukkumERkiliruwthu,RukaLukkumERkiliruwthu,kaLukkumERkiliruwthu,kaLukkumERkiliruwthu,kkaLukkumERkiliruwthu,zkaLukkumERkiliruwthu,kkaLukkumERkiliruwthu,kaLukkumERkiliruwthu
 ,ukaLukkumEliruwthu,kaLukkumEliruwthu,dkaLukkumEliruwthu,kaLukkumEliruwthu,kaLukkumEliruwthu,RkaLukkumEliruwthu,RkaLukkumEliruwthu,kaLukkumEliruwthu,rkaLukkumEliruwthu,ukaLukkumEliruwthu,ngkaLukkumEliruwthu,kaLukkumEliruwthu,ukaLukkumEliruwthu,kaLukkumEliruwthu,kaLukkumEliruwthu,kaLukkumEliruwthu,RukaLukkumEliruwthu,kaLukkumEliruwthu,kaLukkumEliruwthu,kkaLukkumEliruwthu,zkaLukkumEliruwthu,kkaLukkumEliruwthu,kaLukkumEliruwthu
 ,ukaLukkukIziruwthu,kaLukkukIziruwthu,dkaLukkukIziruwthu,kaLukkukIziruwthu,kaLukkungkIziruwthu,RkaLukkungkIziruwthu,RkaLukkungkIziruwthu,kaLukkungkIziruwthu,rkaLukkungkIziruwthu,ukaLukkungkIziruwthu,ngkaLukkungkIziruwthu,kaLukkungkIziruwthu,ukaLukkungkIziruwthu,kaLukkukIziruwthu,kaLukkukIziruwthu,kaLukkukIziruwthu,RukaLukkukIziruwthu,kaLukkukIziruwthu,kaLukkukIziruwthu,kkaLukkukIziruwthu,zkaLukkukIziruwthu,kkaLukkukIziruwthu,kaLukkukIziruwthu
 ,ukaLukkuLLEyiruwthu,kaLukkuLLEyiruwthu,dkaLukkuLLEyiruwthu,kaLukkuLLEyiruwthu,kaLukkuLLEyiruwthu,RkaLukkuLLEyiruwthu,RkaLukkuLLEyiruwthu,kaLukkuLLEyiruwthu,rkaLukkuLLEyiruwthu,ukaLukkuLLEyiruwthu,ngkaLukkuLLEyiruwthu,kaLukkuLLEyiruwthu,ukaLukkuLLEyiruwthu,kaLukkuLLEyiruwthu,kaLukkuLLEyiruwthu,kaLukkuLLEyiruwthu,RukaLukkuLLEyiruwthu,kaLukkuLLEyiruwthu,kaLukkuLLEyiruwthu,kkaLukkuLLEyiruwthu,zkaLukkuLLEyiruwthu,kkaLukkuLLEyiruwthu,kaLukkuLLEyiruwthu
 ,ukaLukkuveLiyEyiruwthu,kaLukkuveLiyEyiruwthu,dkaLukkuveLiyEyiruwthu,kaLukkuveLiyEyiruwthu,kaLukkuveLiyEyiruwthu,RkaLukkuveLiyEyiruwthu,RkaLukkuveLiyEyiruwthu,kaLukkuveLiyEyiruwthu,rkaLukkuveLiyEyiruwthu,ukaLukkuveLiyEyiruwthu,ngkaLukkuveLiyEyiruwthu,kaLukkuveLiyEyiruwthu,ukaLukkuveLiyEyiruwthu,kaLukkuveLiyEyiruwthu,kaLukkuveLiyEyiruwthu,kaLukkuveLiyEyiruwthu,RukaLukkuveLiyEyiruwthu,kaLukkuveLiyEyiruwthu,kaLukkuveLiyEyiruwthu,kkaLukkuveLiyEyiruwthu,zkaLukkuveLiyEyiruwthu,kkaLukkuveLiyEyiruwthu,kaLukkuveLiyEyiruwthu
 ,ukaLukkuveLiyiliruwthu,kaLukkuveLiyiliruwthu,dkaLukkuveLiyiliruwthu,kaLukkuveLiyiliruwthu,kaLukkuveLiyiliruwthu,RkaLukkuveLiyiliruwthu,RkaLukkuveLiyiliruwthu,kaLukkuveLiyiliruwthu,rkaLukkuveLiyiliruwthu,ukaLukkuveLiyiliruwthu,ngkaLukkuveLiyiliruwthu,kaLukkuveLiyiliruwthu,ukaLukkuveLiyiliruwthu,kaLukkuveLiyiliruwthu,kaLukkuveLiyiliruwthu,kaLukkuveLiyiliruwthu,RukaLukkuveLiyiliruwthu,kaLukkuveLiyiliruwthu,kaLukkuveLiyiliruwthu,kkaLukkuveLiyiliruwthu,zkaLukkuveLiyiliruwthu,kkaLukkuveLiyiliruwthu,kaLukkuveLiyiliruwthu
 ,ukaLukkadiyiliruwthu,kaLukkadiyiliruwthu,dkaLukkadiyiliruwthu,kaLukkadiyiliruwthu,kaLukkadiyiliruwthu,RkaLukkadiyiliruwthu,RkaLukkadiyiliruwthu,kaLukkadiyiliruwthu,rkaLukkadiyiliruwthu,ukaLukkadiyiliruwthu,ngkaLukkadiyiliruwthu,kaLukkadiyiliruwthu,ukaLukkadiyiliruwthu,kaLukkadiyiliruwthu,kaLukkadiyiliruwthu,kaLukkadiyiliruwthu,RukaLukkadiyiliruwthu,kaLukkadiyiliruwthu,kaLukkadiyiliruwthu,kkaLukkadiyiliruwthu,zkaLukkadiyiliruwthu,kkaLukkadiyiliruwthu,kaLukkadiyiliruwthu
 ,ukaLukkarukiliruwthu,kaLukkarukiliruwthu,dkaLukkarukiliruwthu,kaLukkarukiliruwthu,kaLukkarukiliruwthu,RkaLukkarukiliruwthu,RkaLukkarukiliruwthu,kaLukkarukiliruwthu,rkaLukkarukiliruwthu,ukaLukkarukiliruwthu,ngkaLukkarukiliruwthu,kaLukkarukiliruwthu,ukaLukkarukiliruwthu,kaLukkarukiliruwthu,kaLukkarukiliruwthu,kaLukkarukiliruwthu,RukaLukkarukiliruwthu,kaLukkarukiliruwthu,kaLukkarukiliruwthu,kkaLukkarukiliruwthu,zkaLukkarukiliruwthu,kkaLukkarukiliruwthu,kaLukkarukiliruwthu
 ,ukaLukkumunniruwthu,kaLukkumunniruwthu,dkaLukkumunniruwthu,kaLukkumunniruwthu,kaLukkumunniruwthu,RkaLukkumunniruwthu,RkaLukkumunniruwthu,kaLukkumunniruwthu,rkaLukkumunniruwthu,ukaLukkumunniruwthu,ngkaLukkumunniruwthu,kaLukkumunniruwthu,ukaLukkumunniruwthu,kaLukkumunniruwthu,kaLukkumunniruwthu,kaLukkumunniruwthu,RukaLukkumunniruwthu,kaLukkumunniruwthu,kaLukkumunniruwthu,kkaLukkumunniruwthu,zkaLukkumunniruwthu,kkaLukkumunniruwthu,kaLukkumunniruwthu
 ,ukaLukkumunnAliruwthu,kaLukkumunnAliruwthu,dkaLukkumunnAliruwthu,kaLukkumunnAliruwthu,kaLukkumunnAliruwthu,RkaLukkumunnAliruwthu,RkaLukkumunnAliruwthu,kaLukkumunnAliruwthu,rkaLukkumunnAliruwthu,ukaLukkumunnAliruwthu,ngkaLukkumunnAliruwthu,kaLukkumunnAliruwthu,ukaLukkumunnAliruwthu,kaLukkumunnAliruwthu,kaLukkumunnAliruwthu,kaLukkumunnAliruwthu,RukaLukkumunnAliruwthu,kaLukkumunnAliruwthu,kaLukkumunnAliruwthu,kkaLukkumunnAliruwthu,zkaLukkumunnAliruwthu,kkaLukkumunnAliruwthu,kaLukkumunnAliruwthu
 ,ukaLukkuppinnAliruwthu,kaLukkuppinnAliruwthu,dkaLukkuppinnAliruwthu,kaLukkuppinnAliruwthu,kaLukkuppinnAliruwthu,RkaLukkuppinnAliruwthu,RkaLukkuppinnAliruwthu,kaLukkuppinnAliruwthu,rkaLukkuppinnAliruwthu,ukaLukkuppinnAliruwthu,ngkaLukkuppinnAliruwthu,kaLukkuppinnAliruwthu,ukaLukkuppinnAliruwthu,kaLukkuppinnAliruwthu,kaLukkuppinnAliruwthu,kaLukkuppinnAliruwthu,RukaLukkuppinnAliruwthu,kaLukkuppinnAliruwthu,kaLukkuppinnAliruwthu,kkaLukkuppinnAliruwthu,zkaLukkuppinnAliruwthu,kkaLukkuppinnAliruwthu,kaLukkuppinnAliruwthu
 ,ukaLukkuppinpiruwthu,kaLukkuppinpiruwthu,dkaLukkuppinpiruwthu,kaLukkuppinpiruwthu,kaLukkuppinpiruwthu,RkaLukkuppinpiruwthu,RkaLukkuppinpiruwthu,kaLukkuppinpiruwthu,rkaLukkuppinpiruwthu,ukaLukkuppinpiruwthu,ngkaLukkuppinpiruwthu,kaLukkuppinpiruwthu,ukaLukkuppinpiruwthu,kaLukkuppinpiruwthu,kaLukkuppinpiruwthu,kaLukkuppinpiruwthu,RukaLukkuppinpiruwthu,kaLukkuppinpiruwthu,kaLukkuppinpiruwthu,kkaLukkuppinpiruwthu,zkaLukkuppinpiruwthu,kkaLukkuppinpiruwthu,kaLukkuppinpiruwthu
 ,ukaLukkuppiwthiruwthu,kaLukkuppiwthiyiruwthu,dkaLukkuppiwthiyiruwthu,kaLukkuppiwthiyiruwthu,kaLukkuppiwthiyiruwthu,RkaLukkuppiwthiyiruwthu,RkaLukkuppiwthiyiruwthu,kaLukkuppiwthiyiruwthu,rkaLukkuppiwthiyiruwthu,ukaLukkuppiwthiyiruwthu,ngkaLukkuppiwthiyiruwthu,kaLukkuppiwthiyiruwthu,ukaLukkuppiwthiyiruwthu,kaLukkuppiwthiruwthu,kaLukkuppiwthiruwthu,kaLukkuppiwthiruwthu,RukaLukkuppiwthiruwthu,kaLukkuppiwthiruwthu,kaLukkuppiwthiyiruwthu,kkaLukkuppiwthiyiruwthu,zkaLukkuppiwthiyiruwthu,kkaLukkuppiwthiyiruwthu,kaLukkuppiwthiyiruwthu
 ,ukaLukkukkuRukkEyiruwthu,kaLukkukkuRukkEyiruwthu,dkaLukkukkuRukkEyiruwthu,kaLukkukkuRukkEyiruwthu,kaLukkukkuRukkEyiruwthu,RkaLukkukkuRukkEyiruwthu,RkaLukkukkuRukkEyiruwthu,kaLukkukkuRukkEyiruwthu,rkaLukkukkuRukkEyiruwthu,ukaLukkukkuRukkEyiruwthu,ngkaLukkukkuRukkEyiruwthu,kaLukkukkuRukkEyiruwthu,ukaLukkukkuRukkEyiruwthu,kaLukkukkuRukkEyiruwthu,kaLukkukkuRukkEyiruwthu,kaLukkukkuRukkEyiruwthu,RukaLukkukkuRukkEyiruwthu,kaLukkukkuRukkEyiruwthu,kaLukkukkuRukkEyiruwthu,kkaLukkukkuRukkEyiruwthu,zkaLukkukkuRukkEyiruwthu,kkaLukkukkuRukkEyiruwthu,kaLukkukkuRukkEyiruwthu
 ,ukaLukkuLLEyiruwthu,kaLukkuLLEyiruwthu,dkaLukkuLLEyiruwthu,kaLukkuLLEyiruwthu,kaLukkuLLEyiruwthu,RkaLukkuLLEyiruwthu,RkaLukkuLLEyiruwthu,kaLukkuLLEyiruwthu,rkaLukkuLLEyiruwthu,ukaLukkuLLEyiruwthu,ngkaLukkuLLEyiruwthu,kaLukkuLLEyiruwthu,ukaLukkuLLEyiruwthu,kaLukkuLLEyiruwthu,kaLukkuLLEyiruwthu,kaLukkuLLEyiruwthu,RukaLukkuLLEyiruwthu,kaLukkuLLEyiruwthu,kaLukkuLLEyiruwthu,kkaLukkuLLEyiruwthu,zkaLukkuLLEyiruwthu,kkaLukkuLLEyiruwthu,kaLukkuLLEyiruwthu
 ,ukaLukkuLLiruwthu,kaLukkuLLiruwthu,dkaLukkuLLiruwthu,kaLukkuLLiruwthu,kaLukkuLLiruwthu,RkaLukkuLLiruwthu,RkaLukkuLLiruwthu,kaLukkuLLiruwthu,rkaLukkuLLiruwthu,ukaLukkuLLiruwthu,ngkaLukkuLLiruwthu,kaLukkuLLiruwthu,ukaLukkuLLiruwthu,kaLukkuLLiruwthu,kaLukkuLLiruwthu,kaLukkuLLiruwthu,RukaLukkuLLiruwthu,kaLukkuLLiruwthu,kaLukkuLLiruwthu,kkaLukkuLLiruwthu,zkaLukkuLLiruwthu,kkaLukkuLLiruwthu,kaLukkuLLiruwthu
 ,ukaLukkethirEyiruwthu,kaLukkethirEyiruwthu,dkaLukkethirEyiruwthu,kaLukkethirEyiruwthu,kaLukkethirEyiruwthu,RkaLukkethirEyiruwthu,RkaLukkethirEyiruwthu,kaLukkethirEyiruwthu,rkaLukkethirEyiruwthu,ukaLukkethirEyiruwthu,ngkaLukkethirEyiruwthu,kaLukkethirEyiruwthu,ukaLukkethirEyiruwthu,kaLukkethirEyiruwthu,kaLukkethirEyiruwthu,kaLukkethirEyiruwthu,RukaLukkethirEyiruwthu,kaLukkethirEyiruwthu,kaLukkethirEyiruwthu,kkaLukkethirEyiruwthu,zkaLukkethirEyiruwthu,kkaLukkethirEyiruwthu,kaLukkethirEyiruwthu
 ,ukaLukkethiriliruwthu,kaLukkethiriliruwthu,dkaLukkethiriliruwthu,kaLukkethiriliruwthu,kaLukkethiriliruwthu,RkaLukkethiriliruwthu,RkaLukkethiriliruwthu,kaLukkethiriliruwthu,rkaLukkethiriliruwthu,ukaLukkethiriliruwthu,ngkaLukkethiriliruwthu,kaLukkethiriliruwthu,ukaLukkethiriliruwthu,kaLukkethiriliruwthu,kaLukkethiriliruwthu,kaLukkethiriliruwthu,RukaLukkethiriliruwthu,kaLukkethiriliruwthu,kaLukkethiriliruwthu,kkaLukkethiriliruwthu,zkaLukkethiriliruwthu,kkaLukkethiriliruwthu,kaLukkethiriliruwthu
 ,ukaLukkidaiyiliruwthu,kaLukkidaiyiliruwthu,dkaLukkidaiyiliruwthu,kaLukkidaiyiliruwthu,kaLukkidaiyiliruwthu,RkaLukkidaiyiliruwthu,RkaLukkidaiyiliruwthu,kaLukkidaiyiliruwthu,rkaLukkidaiyiliruwthu,ukaLukkidaiyiliruwthu,ngkaLukkidaiyiliruwthu,kaLukkidaiyiliruwthu,ukaLukkidaiyiliruwthu,kaLukkidaiyiliruwthu,kaLukkidaiyiliruwthu,kaLukkidaiyiliruwthu,RukaLukkidaiyiliruwthu,kaLukkidaiyiliruwthu,kaLukkidaiyiliruwthu,kkaLukkidaiyiliruwthu,zkaLukkidaiyiliruwthu,kkaLukkidaiyiliruwthu,kaLukkidaiyiliruwthu
 ,ukaLukkuwaduviliruwthu,kaLukkuwaduviliruwthu,dkaLukkuwaduviliruwthu,kaLukkuwaduviliruwthu,kaLukkuwaduviliruwthu,RkaLukkuwaduviliruwthu,RkaLukkuwaduviliruwthu,kaLukkuwaduviliruwthu,rkaLukkuwaduviliruwthu,ukaLukkuwaduviliruwthu,ngkaLukkuwaduviliruwthu,kaLukkuwaduviliruwthu,ukaLukkuwaduviliruwthu,kaLukkuwaduviliruwthu,kaLukkuwaduviliruwthu,kaLukkuwaduviliruwthu,RukaLukkuwaduviliruwthu,kaLukkuwaduviliruwthu,kaLukkuwaduviliruwthu,kkaLukkuwaduviliruwthu,zkaLukkuwaduviliruwthu,kkaLukkuwaduviliruwthu,kaLukkuwaduviliruwthu
 ,ukkuppiRakiruwthu,kkuppiRakiruwthu,LLukkuppiRakiruwthu,kkuppiRakiruwthu,kkuppiRakiruwthu,nnukkuppiRakiruwthu,llukkuppiRakiruwthu,ukkuppiRakiruwthu,nukkuppiRakiruwthu,ukkuppiRakiruwthu,ththukkuppiRakiruwthu,ukkuppiRakiruwthu,ukkuppiRakiruwthu,ukkuppiRakiruwthu,ukkuppiRakiruwthu,NukkuppiRakiruwthu,RRukkuppiRakiruwthu,SukkuppiRakiruwthu,ukkuppiRakiruwthu,kkuppiRakiruwthu,zukkuppiRakiruwthu,kkuppiRakiruwthu,ukkuppiRakiruwthu
 ,ukkappuRamiruwthu,kkappuRamiruwthu,LLukkappuRamiruwthu,kkappuRamiruwthu,kkappuRamiruwthu,nnukkappuRamiruwthu,llukkappuRamiruwthu,ukkappuRamiruwthu,nukkappuRamiruwthu,ukkappuRamiruwthu,ththukkappuRamiruwthu,ukkappuRamiruwthu,ukkappuRamiruwthu,ukkappuRamiruwthu,ukkappuRamiruwthu,NukkappuRamiruwthu,RRukkappuRamiruwthu,SukkappuRamiruwthu,ukkappuRamiruwthu,kkappuRamiruwthu,zukkappuRamiruwthu,kkappuRamiruwthu,ukkappuRamiruwthu
 ,ukkappAliruwthu,kkappAliruwthu,LLukkappAliruwthu,kkappAliruwthu,kkappAliruwthu,nnukkappAliruwthu,llukkappAliruwthu,ukkappAliruwthu,nukkappAliruwthu,ukkappAliruwthu,ththukkappAliruwthu,ukkappAliruwthu,ukkappAliruwthu,ukkappAliruwthu,ukkappAliruwthu,NukkappAliruwthu,RRukkappAliruwthu,SukkappAliruwthu,ukkappAliruwthu,kkappAliruwthu,zukkappAliruwthu,kkappAliruwthu,ukkappAliruwthu
 ,akkuvadakkiruwthu,kkuvadakkiliruwthu,LLukkuvadakkiruwthu,kkuvadakkiliruwthu,kkuvadakkiruwthu,nnukkuvadakkiruwthu,llukkuvadakkiruwthu,ukkuvadakkiruwthu,nukkuvadakkiruwthu,ukkuvadakkiruwthu,ththukkuvadakkiruwthu,ukkuvadakkiruwthu,ukkuvadakkiruwthu,ukkuvadakkiruwthu,ukkuvadakkiruwthu,Nukkuvadakkiruwthu,RRukkuvadakkiruwthu,Sukkuvadakkiruwthu,vaNdakkuvadakkiruwthu(doubt),kkuvadakkiruwthu,zukkuvadakkiruwthu,kkuvadakkiliruwthu,ukkuvadakkiruwthu
 ,ukkukizakkiruwthu,kkukizakkiliruwthu,LLukkukizakkiruwthu,kkukizakkiliruwthu,kkukizakkiruwthu,nnukkukizakkiruwthu,llukkukizakkiruwthu,ukkukizakkiruwthu,nukkukkizakkiruwthu,ukkukkizakkiruwthu,ththukkukkizakkiruwthu,ukkukkizakkiruwthu,ukkukkizakkiruwthu,ukkukizakkiruwthu,ukkukizakkiruwthu,Nukkukizakkiruwthu,RRukkukizakkiruwthu,Sukkukizakkiruwthu,ukkukizakkiruwthu,kkukizakkiruwthu,zukkukizakkiruwthu,kkukizakkiliruwthu,ukkukizakkiruwthu
 ,ukkuththeRkiruwthu,kkuththeRkiliruwthu,LLukkuththeRkiruwthu,kkuththeRkiliruwthu,kkuththeRkiruwthu,nnukkuththeRkiruwthu,llukkuththeRkiruwthu,ukkuththeRkiruwthu,nukkuththeRkiruwthu,ukkuththeRkiruwthu,ththukkuththeRkiruwthu,ukkuththeRkiruwthu,ukkuththeRkiruwthu,ukkuththeRkiruwthu,ukkuththeRkiruwthu,NukkuththeRkiruwthu,RRukkuththeRkiruwthu,SukkuththeRkiruwthu,ukkuththeRkiruwthu,kkuththeRkiruwthu,zukkuththeRkiruwthu,kkuththeRkiliruwthu,ukkuththeRkiruwthu
 ,ukkumERkiliruwthu,kkumERkiliruwthu,LLukkumERkiliruwthu,kkumERkiliruwthu,kkumERkiliruwthu,nnukkumERkiliruwthu,llukkumERkiliruwthu,ukkumERkiliruwthu,nukkumERkiliruwthu,ukkumERkiliruwthu,ththukkumERkiliruwthu,ukkumERkiliruwthu,ukkumERkiliruwthu,ukkumERkiliruwthu,ukkumERkiliruwthu,NukkumERkiliruwthu,RRukkumERkiliruwthu,SukkumERkiliruwthu,ukkumERkiliruwthu,kkumERkiliruwthu,zukkumERkiliruwthu,kkumERkiliruwthu,ukkumERkiliruwthu
 ,ukkumEliruwthu,kkumEliruwthu,LLukkumEliruwthu,kkumEliruwthu,kkumEliruwthu,nnukkumEliruwthu,llukkumEliruwthu,ukkumEliruwthu,nukkumEliruwthu,ukkumEliruwthu,ththukkumEliruwthu,ukkumEliruwthu,ukkumEliruwthu,ukkumEliruwthu,ukkumEliruwthu,NukkumEliruwthu,RRukkumEliruwthu,SukkumEliruwthu,ukkumEliruwthu,kkumEliruwthu,zukkumEliruwthu,kkumEliruwthu,ukkumEliruwthu
 ,ukkukIziruwthu,kkukIziruwthu,LLukkukIziruwthu,kkukIziruwthu,kkungkIziruwthu,nnukkungkIziruwthu,llukkungkIziruwthu,ukkungkIziruwthu,nukkungkIziruwthu,ukkungkIziruwthu,ththukkungkIziruwthu,ukkungkIziruwthu,ukkungkIziruwthu,ukkukIziruwthu,ukkukIziruwthu,NukkukIziruwthu,RRukkukIziruwthu,SukkukIziruwthu,ukkukIziruwthu,kkukIziruwthu,zukkukIziruwthu,kkukIziruwthu,ukkukIziruwthu
 ,ukkuLLEyiruwthu,kkuLLEyiruwthu,LLukkuLLEyiruwthu,kkuLLEyiruwthu,kkuLLEyiruwthu,nnukkuLLEyiruwthu,llukkuLLEyiruwthu,ukkuLLEyiruwthu,nukkuLLEyiruwthu,ukkuLLEyiruwthu,ththukkuLLEyiruwthu,ukkuLLEyiruwthu,ukkuLLEyiruwthu,ukkuLLEyiruwthu,ukkuLLEyiruwthu,NukkuLLEyiruwthu,RRukkuLLEyiruwthu,SukkuLLEyiruwthu,ukkuLLEyiruwthu,kkuLLEyiruwthu,zukkuLLEyiruwthu,kkuLLEyiruwthu,ukkuLLEyiruwthu
 ,ukkuveLiyEyiruwthu,kkuveLiyEyiruwthu,LLukkuveLiyEyiruwthu,kkuveLiyEyiruwthu,kkuveLiyEyiruwthu,nnukkuveLiyEyiruwthu,llukkuveLiyEyiruwthu,ukkuveLiyEyiruwthu,nukkuveLiyEyiruwthu,ukkuveLiyEyiruwthu,ththukkuveLiyEyiruwthu,ukkuveLiyEyiruwthu,ukkuveLiyEyiruwthu,ukkuveLiyEyiruwthu,ukkuveLiyEyiruwthu,NukkuveLiyEyiruwthu,RRukkuveLiyEyiruwthu,SukkuveLiyEyiruwthu,ukkuveLiyEyiruwthu,kkuveLiyEyiruwthu,zukkuveLiyEyiruwthu,kkuveLiyEyiruwthu,ukkuveLiyEyiruwthu
 ,ukkuveLiyiliruwthu,kkuveLiyiliruwthu,LLukkuveLiyiliruwthu,kkuveLiyiliruwthu,kkuveLiyiliruwthu,nnukkuveLiyiliruwthu,llukkuveLiyiliruwthu,ukkuveLiyiliruwthu,nukkuveLiyiliruwthu,ukkuveLiyiliruwthu,ththukkuveLiyiliruwthu,ukkuveLiyiliruwthu,ukkuveLiyiliruwthu,ukkuveLiyiliruwthu,ukkuveLiyiliruwthu,NukkuveLiyiliruwthu,RRukkuveLiyiliruwthu,SukkuveLiyiliruwthu,ukkuveLiyiliruwthu,kkuveLiyiliruwthu,zukkuveLiyiliruwthu,kkuveLiyiliruwthu,ukkuveLiyiliruwthu
 ,ukkadiyiliruwthu,kkadiyiliruwthu,LLukkadiyiliruwthu,kkadiyiliruwthu,kkadiyiliruwthu,nnukkadiyiliruwthu,llukkadiyiliruwthu,ukkadiyiliruwthu,nukkadiyiliruwthu,ukkadiyiliruwthu,ththukkadiyiliruwthu,ukkadiyiliruwthu,ukkadiyiliruwthu,ukkadiyiliruwthu,ukkadiyiliruwthu,Nukkadiyiliruwthu,RRukkadiyiliruwthu,Sukkadiyiliruwthu,ukkadiyiliruwthu,kkadiyiliruwthu,zukkadiyiliruwthu,kkadiyiliruwthu,ukkadiyiliruwthu
 ,ukkarukiliruwthu,kkarukiliruwthu,LLukkarukiliruwthu,kkarukiliruwthu,kkarukiliruwthu,nnukkarukiliruwthu,llukkarukiliruwthu,ukkarukiliruwthu,nukkarukiliruwthu,ukkarukiliruwthu,ththukkarukiliruwthu,ukkarukiliruwthu,ukkarukiliruwthu,ukkarukiliruwthu,ukkarukiliruwthu,Nukkarukiliruwthu,RRukkarukiliruwthu,Sukkarukiliruwthu,ukkarukiliruwthu,kkarukiliruwthu,zukkarukiliruwthu,kkarukiliruwthu,ukkarukiliruwthu
 ,ukkumunniruwthu,kkumunniruwthu,LLukkumunniruwthu,kkumunniruwthu,kkumunniruwthu,nnukkumunniruwthu,llukkumunniruwthu,ukkumunniruwthu,nukkumunniruwthu,ukkumunniruwthu,ththukkumunniruwthu,ukkumunniruwthu,ukkumunniruwthu,ukkumunniruwthu,ukkumunniruwthu,Nukkumunniruwthu,RRukkumunniruwthu,Sukkumunniruwthu,ukkumunniruwthu,kkumunniruwthu,zukkumunniruwthu,kkumunniruwthu,ukkumunniruwthu
 ,ukkumunnAliruwthu,kkumunnAliruwthu,LLukkumunnAliruwthu,kkumunnAliruwthu,kkumunnAliruwthu,nnukkumunnAliruwthu,llukkumunnAliruwthu,ukkumunnAliruwthu,nukkumunnAliruwthu,ukkumunnAliruwthu,ththukkumunnAliruwthu,ukkumunnAliruwthu,ukkumunnAliruwthu,ukkumunnAliruwthu,ukkumunnAliruwthu,NukkumunnAliruwthu,RRukkumunnAliruwthu,SukkumunnAliruwthu,ukkumunnAliruwthu,kkumunnAliruwthu,zukkumunnAliruwthu,kkumunnAliruwthu,ukkumunnAliruwthu
 ,ukkuppinnAliruwthu,kkuppinnAliruwthu,LLukkuppinnAliruwthu,kkuppinnAliruwthu,kkuppinnAliruwthu,nnukkuppinnAliruwthu,llukkuppinnAliruwthu,ukkuppinnAliruwthu,nukkuppinnAliruwthu,ukkuppinnAliruwthu,ththukkuppinnAliruwthu,ukkuppinnAliruwthu,ukkuppinnAliruwthu,ukkuppinnAliruwthu,ukkuppinnAliruwthu,NukkuppinnAliruwthu,RRukkuppinnAliruwthu,SukkuppinnAliruwthu,ukkuppinnAliruwthu,kkuppinnAliruwthu,zukkuppinnAliruwthu,kkuppinnAliruwthu,ukkuppinnAliruwthu
 ,ukkuppinpiruwthu,kkuppinpiruwthu,LLukkuppinpiruwthu,kkuppinpiruwthu,kkuppinpiruwthu,nnukkuppinpiruwthu,llukkuppinpiruwthu,ukkuppinpiruwthu,nukkuppinpiruwthu,ukkuppinpiruwthu,ththukkuppinpiruwthu,ukkuppinpiruwthu,ukkuppinpiruwthu,ukkuppinpiruwthu,ukkuppinpiruwthu,Nukkuppinpiruwthu,RRukkuppinpiruwthu,Sukkuppinpiruwthu,ukkuppinpiruwthu,kkuppinpiruwthu,zukkuppinpiruwthu,kkuppinpiruwthu,ukkuppinpiruwthu
 ,ukkuppiwthiruwthu,kkuppiwthiyiruwthu,LLukkuppiwthiyiruwthu,kkuppiwthiyiruwthu,kkuppiwthiyiruwthu,nnukkuppiwthiyiruwthu,llukkuppiwthiyiruwthu,ukkuppiwthiyiruwthu,nukkuppiwthiyiruwthu,ukkuppiwthiyiruwthu,ththukkuppiwthiyiruwthu,ukkuppiwthiyiruwthu,ukkuppiwthiyiruwthu,ukkuppiwthiruwthu,ukkuppiwthiruwthu,Nukkuppiwthiruwthu,RRukkuppiwthiruwthu,Sukkuppiwthiruwthu,ukkuppiwthiyiruwthu,kkuppiwthiyiruwthu,zukkuppiwthiyiruwthu,kkuppiwthiyiruwthu,ukkuppiwthiyiruwthu
 ,ukkukkuRukkEyiruwthu,kkukkuRukkEyiruwthu,LLukkukkuRukkEyiruwthu,kkukkuRukkEyiruwthu,kkukkuRukkEyiruwthu,nnukkukkuRukkEyiruwthu,llukkukkuRukkEyiruwthu,ukkukkuRukkEyiruwthu,nukkukkuRukkEyiruwthu,ukkukkuRukkEyiruwthu,ththukkukkuRukkEyiruwthu,ukkukkuRukkEyiruwthu,ukkukkuRukkEyiruwthu,ukkukkuRukkEyiruwthu,ukkukkuRukkEyiruwthu,NukkukkuRukkEyiruwthu,RRukkukkuRukkEyiruwthu,SukkukkuRukkEyiruwthu,ukkukkuRukkEyiruwthu,kkukkuRukkEyiruwthu,zukkukkuRukkEyiruwthu,kkukkuRukkEyiruwthu,ukkukkuRukkEyiruwthu
 ,ukkuLLEyiruwthu,kkuLLEyiruwthu,LLukkuLLEyiruwthu,kkuLLEyiruwthu,kkuLLEyiruwthu,nnukkuLLEyiruwthu,llukkuLLEyiruwthu,ukkuLLEyiruwthu,nukkuLLEyiruwthu,ukkuLLEyiruwthu,ththukkuLLEyiruwthu,ukkuLLEyiruwthu,ukkuLLEyiruwthu,ukkuLLEyiruwthu,ukkuLLEyiruwthu,NukkuLLEyiruwthu,RRukkuLLEyiruwthu,SukkuLLEyiruwthu,ukkuLLEyiruwthu,kkuLLEyiruwthu,zukkuLLEyiruwthu,kkuLLEyiruwthu,ukkuLLEyiruwthu
 ,ukkuLLiruwthu,kkuLLiruwthu,LLukkuLLiruwthu,kkuLLiruwthu,kkuLLiruwthu,nnukkuLLiruwthu,llukkuLLiruwthu,ukkuLLiruwthu,nukkuLLiruwthu,ukkuLLiruwthu,ththukkuLLiruwthu,ukkuLLiruwthu,ukkuLLiruwthu,ukkuLLiruwthu,ukkuLLiruwthu,NukkuLLiruwthu,RRukkuLLiruwthu,SukkuLLiruwthu,ukkuLLiruwthu,kkuLLiruwthu,zukkuLLiruwthu,kkuLLiruwthu,ukkuLLiruwthu
 ,ukkethirEyiruwthu,kkethirEyiruwthu,LLukkethirEyiruwthu,kkethirEyiruwthu,kkethirEyiruwthu,nnukkethirEyiruwthu,llukkethirEyiruwthu,ukkethirEyiruwthu,nukkethirEyiruwthu,ukkethirEyiruwthu,ththukkethirEyiruwthu,ukkethirEyiruwthu,ukkethirEyiruwthu,ukkethirEyiruwthu,ukkethirEyiruwthu,NukkethirEyiruwthu,RRukkethirEyiruwthu,SukkethirEyiruwthu,ukkethirEyiruwthu,kkethirEyiruwthu,zukkethirEyiruwthu,kkethirEyiruwthu,ukkethirEyiruwthu
 ,ukkethiriliruwthu,kkethiriliruwthu,LLukkethiriliruwthu,kkethiriliruwthu,kkethiriliruwthu,nnukkethiriliruwthu,llukkethiriliruwthu,ukkethiriliruwthu,nukkethiriliruwthu,ukkethiriliruwthu,ththukkethiriliruwthu,ukkethiriliruwthu,ukkethiriliruwthu,ukkethiriliruwthu,ukkethiriliruwthu,Nukkethiriliruwthu,RRukkethiriliruwthu,Sukkethiriliruwthu,ukkethiriliruwthu,kkethiriliruwthu,zukkethiriliruwthu,kkethiriliruwthu,ukkethiriliruwthu
 ,ukkidaiyiliruwthu,kkidaiyiliruwthu,LLukkidaiyiliruwthu,kkidaiyiliruwthu,kkidaiyiliruwthu,nnukkidaiyiliruwthu,llukkidaiyiliruwthu,ukkidaiyiliruwthu,nukkidaiyiliruwthu,ukkidaiyiliruwthu,ththukkidaiyiliruwthu,ukkidaiyiliruwthu,ukkidaiyiliruwthu,ukkidaiyiliruwthu,ukkidaiyiliruwthu,Nukkidaiyiliruwthu,RRukkidaiyiliruwthu,Sukkidaiyiliruwthu,ukkidaiyiliruwthu,kkidaiyiliruwthu,zukkidaiyiliruwthu,kkidaiyiliruwthu,ukkidaiyiliruwthu
 ,ukkuwaduviliruwthu,kkuwaduviliruwthu,LLukkuwaduviliruwthu,kkuwaduviliruwthu,kkuwaduviliruwthu,nnukkuwaduviliruwthu,llukkuwaduviliruwthu,ukkuwaduviliruwthu,nukkuwaduviliruwthu,ukkuwaduviliruwthu,ththukkuwaduviliruwthu,ukkuwaduviliruwthu,ukkuwaduviliruwthu,ukkuwaduviliruwthu,ukkuwaduviliruwthu,Nukkuwaduviliruwthu,RRukkuwaduviliruwthu,Sukkuwaduviliruwthu,ukkuwaduviliruwthu,kkuwaduviliruwthu,zukkuwaduviliruwthu,kkuwaduviliruwthu,ukkuwaduviliruwthu
